Botanical Name,Common Name,Source,Match,Title,URL
Amsonia tabernaemontana,EASTERN BLUE STAR,Link: Missouri Botanical Garden,✔,Amsonia tabernaemontana 'Montana'  - Plant Finder,https://www.missouribotanicalgarden.org/PlantFinder/PlantFinderDetails.aspx?kempercode=t930
Amsonia tabernaemontana,EASTERN BLUE STAR,Link: Wildflower.org,❌,403 Forbidden,https://www.wildflower.org/plants/result.php?id_plant=amta2
Amsonia tabernaemontana,EASTERN BLUE STAR,Link: Pleasantrunnursery.com,❌,403 Forbidden,https://www.pleasantrunnursery.com/plant-name/Amsonia-tabernaemontana-Storm-Cloud
Amsonia tabernaemontana,EASTERN BLUE STAR,Link: Newmoonnursery.com,❌,[No Title],https://newmoonnursery.com/nursery-plants/amsonia-tabernaemontana-v-montana/
Amsonia tabernaemontana,EASTERN BLUE STAR,Link: Pinelandsnursery.com,❌,Amsonia hubrichtii (Threadleaf Blue Star) #1 POT - Native Plants,https://www.pinelandsnursery.com/amsonia-hubrichtii
Aquilegia canadensis,RED COLUMBINE,Link: Missouri Botanical Garden,✔,Aquilegia canadensis  - Plant Finder,https://www.missouribotanicalgarden.org/PlantFinder/PlantFinderDetails.aspx?kempercode=b400
Aquilegia canadensis,RED COLUMBINE,Link: Wildflower.org,❌,403 Forbidden,https://www.wildflower.org/plants/result.php?id_plant=aqca
Aquilegia canadensis,RED COLUMBINE,Link: Pleasantrunnursery.com,❌,403 Forbidden,https://www.pleasantrunnursery.com/plant-name/Aquilegia-canadensis
Aquilegia canadensis,RED COLUMBINE,Link: Newmoonnursery.com,❌,[No Title],https://newmoonnursery.com/nursery-plants/aquilegia-canadensis/
Aquilegia canadensis,RED COLUMBINE,Link: Pinelandsnursery.com,✔,Aquilegia canadensis (Red Columbine) Seed - Native Plants,https://www.pinelandsnursery.com/aquilegia-canadensis-red-columbine-seed
Arisaema triphyllum,JACK-IN-THE-PULPIT,Link: Missouri Botanical Garden,✔,Arisaema triphyllum  - Plant Finder,https://www.missouribotanicalgarden.org/PlantFinder/PlantFinderDetails.aspx?taxonid=276310
Arisaema triphyllum,JACK-IN-THE-PULPIT,Link: Wildflower.org,❌,403 Forbidden,https://www.wildflower.org/plants/result.php?id_plant=artr
Arisaema triphyllum,JACK-IN-THE-PULPIT,Link: Pleasantrunnursery.com,❌,403 Forbidden,https://www.pleasantrunnursery.com/plant-name/Brunnera-macrophylla-Jack-Frost
Arisaema triphyllum,JACK-IN-THE-PULPIT,Link: Newmoonnursery.com,❌ MISSING,,
Arisaema triphyllum,JACK-IN-THE-PULPIT,Link: Pinelandsnursery.com,✔,"Search ""Arisaema triphyllum"" - Pinelands Nursery",https://www.pinelandsnursery.com/search?query=Arisaema+triphyllum
Asclepias incarnata,SWAMP MILKWEED,Link: Missouri Botanical Garden,✔,Asclepias incarnata  - Plant Finder,https://www.missouribotanicalgarden.org/PlantFinder/PlantFinderDetails.aspx?kempercode=g410
Asclepias incarnata,SWAMP MILKWEED,Link: Wildflower.org,❌,403 Forbidden,https://www.wildflower.org/plants/result.php?id_plant=asin
Asclepias incarnata,SWAMP MILKWEED,Link: Pleasantrunnursery.com,❌,403 Forbidden,https://www.pleasantrunnursery.com/plant-name/Asclepias-incarnata
Asclepias incarnata,SWAMP MILKWEED,Link: Newmoonnursery.com,❌,[No Title],https://newmoonnursery.com/nursery-plants/asclepias-incarnata-ice-ballet/
Asclepias incarnata,SWAMP MILKWEED,Link: Pinelandsnursery.com,✔,Asclepias incarnata Pulchra (Eastern Swamp Milkweed) Seed - Native Plants,https://www.pinelandsnursery.com/asclepias-incarnata-pulchra-seed
Asclepias syriaca,COMMON MILKWEED,Link: Missouri Botanical Garden,✔,Asclepias syriaca  - Plant Finder,https://www.missouribotanicalgarden.org/PlantFinder/PlantFinderDetails.aspx?kempercode=b480
Asclepias syriaca,COMMON MILKWEED,Link: Wildflower.org,❌,403 Forbidden,https://www.wildflower.org/plants/result.php?id_plant=ASSY
Asclepias syriaca,COMMON MILKWEED,Link: Pleasantrunnursery.com,❌,403 Forbidden,https://www.pleasantrunnursery.com/plant-name/Asclepias-syriaca
Asclepias syriaca,COMMON MILKWEED,Link: Newmoonnursery.com,❌,[No Title],https://newmoonnursery.com/nursery-plants/asclepias-verticillata/
Asclepias syriaca,COMMON MILKWEED,Link: Pinelandsnursery.com,✔,Asclepias syriaca (Common Milkweed) #1 POT - Native Plants,https://www.pinelandsnursery.com/asclepias-syriaca
Asclepias tuberosa,BUTTERFLY MILKWEED,Link: Missouri Botanical Garden,✔,Asclepias tuberosa  - Plant Finder,https://www.missouribotanicalgarden.org/PlantFinder/PlantFinderDetails.aspx?kempercode=b490
Asclepias tuberosa,BUTTERFLY MILKWEED,Link: Wildflower.org,❌,403 Forbidden,https://www.wildflower.org/plants/result.php?id_plant=astu
Asclepias tuberosa,BUTTERFLY MILKWEED,Link: Pleasantrunnursery.com,❌,403 Forbidden,https://www.pleasantrunnursery.com/plant-name/Asclepias-tuberosa
Asclepias tuberosa,BUTTERFLY MILKWEED,Link: Newmoonnursery.com,❌,[No Title],https://newmoonnursery.com/nursery-plants/asclepias-tuberosa/
Asclepias tuberosa,BUTTERFLY MILKWEED,Link: Pinelandsnursery.com,✔,Asclepias tuberosa (Butterfly Weed) Seed - Native Plants,https://www.pinelandsnursery.com/asclepias-tuberosa-butterfly-weed-seed
Baptisia australis,BLUE WILD INDIGO,Link: Missouri Botanical Garden,✔,Baptisia australis var. minor  - Plant Finder,https://www.missouribotanicalgarden.org/PlantFinder/PlantFinderDetails.aspx?kempercode=y810
Baptisia australis,BLUE WILD INDIGO,Link: Wildflower.org,❌,403 Forbidden,https://www.wildflower.org/plants/result.php?id_plant=BAAU
Baptisia australis,BLUE WILD INDIGO,Link: Pleasantrunnursery.com,❌,403 Forbidden,https://www.pleasantrunnursery.com/plant-name/Baptisia-australis
Baptisia australis,BLUE WILD INDIGO,Link: Newmoonnursery.com,❌,[No Title],https://newmoonnursery.com/nursery-plants/baptisia-australis/
Baptisia australis,BLUE WILD INDIGO,Link: Pinelandsnursery.com,✔,Baptisia australis (Blue Wild Indigo) Seed - Native Plants,https://www.pinelandsnursery.com/baptisia-australis-blue-wild-indigo-seed
Caltha palustris,MARSH MARIGOLD,Link: Missouri Botanical Garden,✔,Caltha palustris  - Plant Finder,https://www.missouribotanicalgarden.org/PlantFinder/PlantFinderDetails.aspx?kempercode=a635
Caltha palustris,MARSH MARIGOLD,Link: Wildflower.org,❌,403 Forbidden,https://www.wildflower.org/plants/result.php?id_plant=capa5
Caltha palustris,MARSH MARIGOLD,Link: Pleasantrunnursery.com,❌,403 Forbidden,https://www.pleasantrunnursery.com/plant-name/Caltha-palustris
Caltha palustris,MARSH MARIGOLD,Link: Newmoonnursery.com,❌,[No Title],https://newmoonnursery.com/nursery-plants/caltha-palustris/
Caltha palustris,MARSH MARIGOLD,Link: Pinelandsnursery.com,❌,Rosa palustris (Swamp Rose) #5Pot - Native Plants,https://www.pinelandsnursery.com/rosa-palustris-swamp-rose-15pot
Chelone glabra,TURTLEHEAD,Link: Missouri Botanical Garden,✔,Chelone glabra  - Plant Finder,https://www.missouribotanicalgarden.org/PlantFinder/PlantFinderDetails.aspx?kempercode=j780
Chelone glabra,TURTLEHEAD,Link: Wildflower.org,❌,403 Forbidden,https://www.wildflower.org/plants/result.php?id_plant=chgl2
Chelone glabra,TURTLEHEAD,Link: Pleasantrunnursery.com,❌,403 Forbidden,https://www.pleasantrunnursery.com/plant-name/Chelone-glabra
Chelone glabra,TURTLEHEAD,Link: Newmoonnursery.com,❌,[No Title],https://newmoonnursery.com/nursery-plants/chelone-glabra/
Chelone glabra,TURTLEHEAD,Link: Pinelandsnursery.com,❌,Carya glabra(Pignut Hickory) Tree Tube 32 ct. - Native Plants,https://www.pinelandsnursery.com/carya-glabra-pignut-hickory-tree-tube
Coreopsis lanceolata,LANCELEAF TICKSEED,Link: Missouri Botanical Garden,✔,Coreopsis lanceolata  - Plant Finder,https://www.missouribotanicalgarden.org/PlantFinder/PlantFinderDetails.aspx?kempercode=j880
Coreopsis lanceolata,LANCELEAF TICKSEED,Link: Wildflower.org,❌,403 Forbidden,https://www.wildflower.org/plants/result.php?id_plant=cola5
Coreopsis lanceolata,LANCELEAF TICKSEED,Link: Pleasantrunnursery.com,❌,403 Forbidden,https://www.pleasantrunnursery.com/plant-name/Coreopsis-lanceolata
Coreopsis lanceolata,LANCELEAF TICKSEED,Link: Newmoonnursery.com,❌,[No Title],https://newmoonnursery.com/nursery-plants/coreopsis-lanceolata/
Coreopsis lanceolata,LANCELEAF TICKSEED,Link: Pinelandsnursery.com,✔,Coreopsis lanceolata (Lanceleaf Tickseed) Seed - Native Plants,https://www.pinelandsnursery.com/coreopsis-lanceolata-lanceleaf-tickseed-seed
Echinacea purpurea,PURPLE CONEFLOWER,Link: Missouri Botanical Garden,✔,Echinacea purpurea  - Plant Finder,https://www.missouribotanicalgarden.org/PlantFinder/PlantFinderDetails.aspx?kempercode=c580
Echinacea purpurea,PURPLE CONEFLOWER,Link: Wildflower.org,❌,403 Forbidden,https://www.wildflower.org/plants/result.php?id_plant=ecpu
Echinacea purpurea,PURPLE CONEFLOWER,Link: Pleasantrunnursery.com,❌,403 Forbidden,https://www.pleasantrunnursery.com/plant-name/Echinacea-purpurea
Echinacea purpurea,PURPLE CONEFLOWER,Link: Newmoonnursery.com,❌,[No Title],https://newmoonnursery.com/nursery-plants/echinacea-purpurea-white-swan/
Echinacea purpurea,PURPLE CONEFLOWER,Link: Pinelandsnursery.com,✔,Echinacea purpurea (Purple Coneflower)  #1 POT - Native Plants,https://www.pinelandsnursery.com/echinacea-purpurea-purple-coneflower-1-pot
Eupatorium coelestinum,BLUE MISTFLOWER,Link: Missouri Botanical Garden,❌,Conoclinium coelestinum  - Plant Finder,https://www.missouribotanicalgarden.org/PlantFinder/PlantFinderDetails.aspx?kempercode=j870
Eupatorium coelestinum,BLUE MISTFLOWER,Link: Wildflower.org,❌,403 Forbidden,https://www.wildflower.org/plants/result.php?id_plant=coco13
Eupatorium coelestinum,BLUE MISTFLOWER,Link: Pleasantrunnursery.com,❌,403 Forbidden,https://www.pleasantrunnursery.com/plant-name/Eupatorium-coelestinum
Eupatorium coelestinum,BLUE MISTFLOWER,Link: Newmoonnursery.com,❌,[No Title],https://newmoonnursery.com/nursery-plants/eupatorium-coelestinum/
Eupatorium coelestinum,BLUE MISTFLOWER,Link: Pinelandsnursery.com,✔,"Conoclinium coelestinum (Blue Mistflower) 2"" Plug 50 ct. - Native Plants",https://www.pinelandsnursery.com/conoclinium-coelestinum-blue-mistflower-2-plug
Eupatorium dubium,LITTLE JOE PYE WEED,Link: Missouri Botanical Garden,❌,Eutrochium dubium 'Little Joe'  - Plant Finder,https://www.missouribotanicalgarden.org/PlantFinder/PlantFinderDetails.aspx?kempercode=b781
Eupatorium dubium,LITTLE JOE PYE WEED,Link: Wildflower.org,❌,403 Forbidden,https://www.wildflower.org/plants/result.php?id_plant=EUDU6
Eupatorium dubium,LITTLE JOE PYE WEED,Link: Pleasantrunnursery.com,❌,403 Forbidden,https://www.pleasantrunnursery.com/plant-name/Eupatorium-dubium-Baby-Joe
Eupatorium dubium,LITTLE JOE PYE WEED,Link: Newmoonnursery.com,❌,[No Title],https://newmoonnursery.com/nursery-plants/eupatorium-dubium/
Eupatorium dubium,LITTLE JOE PYE WEED,Link: Pinelandsnursery.com,❌,Eupatorium perfoliatum (Boneset) Seed - Native Plants,https://www.pinelandsnursery.com/eupatorium-perfoliatum-boneset-seed
Eupatorium maculatum,SPOTTED JOE PYE WEED,Link: Missouri Botanical Garden,❌,Eutrochium maculatum 'Gateway'  - Plant Finder,https://www.missouribotanicalgarden.org/PlantFinder/PlantFinderDetails.aspx?taxonid=302488
Eupatorium maculatum,SPOTTED JOE PYE WEED,Link: Wildflower.org,❌,403 Forbidden,https://www.wildflower.org/plants/result.php?id_plant=eupu21
Eupatorium maculatum,SPOTTED JOE PYE WEED,Link: Pleasantrunnursery.com,❌,403 Forbidden,https://www.pleasantrunnursery.com/plant-name/Eupatorium-maculatum-Gateway
Eupatorium maculatum,SPOTTED JOE PYE WEED,Link: Newmoonnursery.com,❌,[No Title],https://newmoonnursery.com/nursery-plants/eupatorium-maculatum/
Eupatorium maculatum,SPOTTED JOE PYE WEED,Link: Pinelandsnursery.com,❌,Eupatorium perfoliatum (Boneset) Seed - Native Plants,https://www.pinelandsnursery.com/eupatorium-perfoliatum-boneset-seed
Eupatorium perfoliatum,COMMON BONESET,Link: Missouri Botanical Garden,✔,Eupatorium perfoliatum  - Plant Finder,https://www.missouribotanicalgarden.org/PlantFinder/PlantFinderDetails.aspx?taxonid=277187
Eupatorium perfoliatum,COMMON BONESET,Link: Wildflower.org,❌,403 Forbidden,https://www.wildflower.org/plants/result.php?id_plant=eupe3
Eupatorium perfoliatum,COMMON BONESET,Link: Pleasantrunnursery.com,❌,403 Forbidden,https://www.pleasantrunnursery.com/plant-name/Eupatorium-perfoliatum
Eupatorium perfoliatum,COMMON BONESET,Link: Newmoonnursery.com,❌,[No Title],https://newmoonnursery.com/nursery-plants/eupatorium-perfoliatum/
Eupatorium perfoliatum,COMMON BONESET,Link: Pinelandsnursery.com,✔,Eupatorium perfoliatum (Boneset) Seed - Native Plants,https://www.pinelandsnursery.com/eupatorium-perfoliatum-boneset-seed
Eupatorium purpureum,JOE PYE WEED,Link: Missouri Botanical Garden,❌,Eutrochium purpureum  - Plant Finder,https://www.missouribotanicalgarden.org/PlantFinder/PlantFinderDetails.aspx?kempercode=c740
Eupatorium purpureum,JOE PYE WEED,Link: Wildflower.org,❌,403 Forbidden,https://www.wildflower.org/plants/result.php?id_plant=eupu21
Eupatorium purpureum,JOE PYE WEED,Link: Pleasantrunnursery.com,❌,403 Forbidden,https://www.pleasantrunnursery.com/plant-name/Eupatorium-coelestinum
Eupatorium purpureum,JOE PYE WEED,Link: Newmoonnursery.com,❌,[No Title],https://newmoonnursery.com/nursery-plants/eupatorium-purpureum/
Eupatorium purpureum,JOE PYE WEED,Link: Pinelandsnursery.com,❌,Eupatorium perfoliatum (Boneset) Seed - Native Plants,https://www.pinelandsnursery.com/eupatorium-perfoliatum-boneset-seed
Eurybia divaricata,WHITE WOOD ASTER,Link: Missouri Botanical Garden,✔,Eurybia divaricata  - Plant Finder,https://www.missouribotanicalgarden.org/PlantFinder/PlantFinderDetails.aspx?kempercode=h170
Eurybia divaricata,WHITE WOOD ASTER,Link: Wildflower.org,❌,403 Forbidden,https://www.wildflower.org/plants/result.php?id_plant=EUDI16
Eurybia divaricata,WHITE WOOD ASTER,Link: Pleasantrunnursery.com,❌,403 Forbidden,https://www.pleasantrunnursery.com/plant-name/Phlox-divaricata-Blue-Moon
Eurybia divaricata,WHITE WOOD ASTER,Link: Newmoonnursery.com,❌,[No Title],https://newmoonnursery.com/nursery-plants/aster-divaricatus/
Eurybia divaricata,WHITE WOOD ASTER,Link: Pinelandsnursery.com,✔,Eurybia divaricata (White Wood Aster) Seed - Native Plants,https://www.pinelandsnursery.com/eurybia-divaricata-white-wood-aster-seed
Helenium autumnale,COMMON SNEEZEWEED,Link: Missouri Botanical Garden,✔,Helenium autumnale  - Plant Finder,https://www.missouribotanicalgarden.org/plantfinder/plantfinderdetails.aspx?kempercode=c930
Helenium autumnale,COMMON SNEEZEWEED,Link: Wildflower.org,❌,403 Forbidden,https://www.wildflower.org/plants/result.php?id_plant=heau
Helenium autumnale,COMMON SNEEZEWEED,Link: Pleasantrunnursery.com,❌,403 Forbidden,https://www.pleasantrunnursery.com/plant-name/Helenium-autumnale-Mariachi-Fuego
Helenium autumnale,COMMON SNEEZEWEED,Link: Newmoonnursery.com,❌,[No Title],https://newmoonnursery.com/nursery-plants/helenium-autumnale/
Helenium autumnale,COMMON SNEEZEWEED,Link: Pinelandsnursery.com,✔,Helenium autumnale (Sneezeweed) Seed - Native Plants,https://www.pinelandsnursery.com/helenium-autumnale-sneezeweed-seed
Heliopsis helianthoides,SMOOTH OXEYE,Link: Missouri Botanical Garden,✔,Heliopsis helianthoides  - Plant Finder,https://www.missouribotanicalgarden.org/PlantFinder/PlantFinderDetails.aspx?kempercode=g520
Heliopsis helianthoides,SMOOTH OXEYE,Link: Wildflower.org,❌,403 Forbidden,https://www.wildflower.org/plants/result.php?id_plant=HEHE5
Heliopsis helianthoides,SMOOTH OXEYE,Link: Pleasantrunnursery.com,❌,403 Forbidden,https://www.pleasantrunnursery.com/plant-name/Heliopsis-helianthoides
Heliopsis helianthoides,SMOOTH OXEYE,Link: Newmoonnursery.com,❌,[No Title],https://newmoonnursery.com/nursery-plants/heliopsis-helianthoides-var-scabra-burning-hearts/
Heliopsis helianthoides,SMOOTH OXEYE,Link: Pinelandsnursery.com,✔,Heliopsis helianthoides (Early Sunflower) Seed - Native Plants,https://www.pinelandsnursery.com/heliopsis-helianthoides-false-sunflower-seed
Hibiscus moscheutos,SWAMP ROSEMALLOW,Link: Missouri Botanical Garden,✔,Hibiscus moscheutos  - Plant Finder,https://www.missouribotanicalgarden.org/plantfinder/PlantFinderDetails.aspx?taxonid=282590
Hibiscus moscheutos,SWAMP ROSEMALLOW,Link: Wildflower.org,❌,403 Forbidden,https://www.wildflower.org/plants/result.php?id_plant=HIMO
Hibiscus moscheutos,SWAMP ROSEMALLOW,Link: Pleasantrunnursery.com,❌,403 Forbidden,https://www.pleasantrunnursery.com/plant-name/Hibiscus-moscheutos
Hibiscus moscheutos,SWAMP ROSEMALLOW,Link: Newmoonnursery.com,❌,[No Title],https://newmoonnursery.com/nursery-plants/hibiscus-moscheutos/
Hibiscus moscheutos,SWAMP ROSEMALLOW,Link: Pinelandsnursery.com,✔,Hibiscus moscheutos  (Swamp Rose Mallow) Seed - Native Plants,https://www.pinelandsnursery.com/hibiscus-moscheutos-swamp-rose-mallow-seed
Iris versicolor,"BLUE FLAG, BLUE WATER IRIS",Link: Missouri Botanical Garden,✔,Iris versicolor  - Plant Finder,https://www.missouribotanicalgarden.org/PlantFinder/PlantFinderDetails.aspx?taxonid=281141
Iris versicolor,"BLUE FLAG, BLUE WATER IRIS",Link: Wildflower.org,❌,403 Forbidden,https://www.wildflower.org/plants/result.php?id_plant=irve2
Iris versicolor,"BLUE FLAG, BLUE WATER IRIS",Link: Pleasantrunnursery.com,❌,403 Forbidden,https://www.pleasantrunnursery.com/plant-name/Iris-versicolor
Iris versicolor,"BLUE FLAG, BLUE WATER IRIS",Link: Newmoonnursery.com,❌,[No Title],https://newmoonnursery.com/nursery-plants/iris-versicolor/
Iris versicolor,"BLUE FLAG, BLUE WATER IRIS",Link: Pinelandsnursery.com,✔,Iris versicolor (Blue-flag Iris) #1 POT - Native Plants,https://www.pinelandsnursery.com/iris-versicolor-blue-flag-iris-1-pot
Liatris spicata,DENSE BLAZING STAR,Link: Missouri Botanical Garden,✔,Liatris spicata 'Kobold'  - Plant Finder,https://www.missouribotanicalgarden.org/PlantFinder/PlantFinderDetails.aspx?kempercode=d790
Liatris spicata,DENSE BLAZING STAR,Link: Wildflower.org,❌,403 Forbidden,https://www.wildflower.org/plants/result.php?id_plant=lisp
Liatris spicata,DENSE BLAZING STAR,Link: Pleasantrunnursery.com,❌,403 Forbidden,https://www.pleasantrunnursery.com/plant-name/Liatris-spicata
Liatris spicata,DENSE BLAZING STAR,Link: Newmoonnursery.com,❌,[No Title],https://newmoonnursery.com/nursery-plants/liatris-spicata-floristan-violet/
Liatris spicata,DENSE BLAZING STAR,Link: Pinelandsnursery.com,✔,Liatris spicata (Dense Blazing Star) Seed - Native Plants,https://www.pinelandsnursery.com/liatris-spicata-dense-blazingstar-seed
Lilium superbum,TURK'S CAP LILY,Link: Missouri Botanical Garden,✔,Lilium superbum  - Plant Finder,https://www.missouribotanicalgarden.org/PlantFinder/PlantFinderDetails.aspx?kempercode=d880
Lilium superbum,TURK'S CAP LILY,Link: Wildflower.org,❌,403 Forbidden,https://www.wildflower.org/plants/result.php?id_plant=lisu
Lilium superbum,TURK'S CAP LILY,Link: Pleasantrunnursery.com,❌,403 Forbidden,https://www.pleasantrunnursery.com/plant-name/Leucanthemum-x-superbum-Becky
Lilium superbum,TURK'S CAP LILY,Link: Newmoonnursery.com,❌ MISSING,,
Lilium superbum,TURK'S CAP LILY,Link: Pinelandsnursery.com,✔,"Search ""Lilium superbum"" - Pinelands Nursery",https://www.pinelandsnursery.com/search?query=Lilium+superbum
Lobelia cardinalis,CARDINAL FLOWER,Link: Missouri Botanical Garden,✔,Lobelia cardinalis  - Plant Finder,https://www.missouribotanicalgarden.org/PlantFinder/PlantFinderDetails.aspx?kempercode=d940
Lobelia cardinalis,CARDINAL FLOWER,Link: Wildflower.org,❌,403 Forbidden,https://www.wildflower.org/plants/result.php?id_plant=loca2
Lobelia cardinalis,CARDINAL FLOWER,Link: Pleasantrunnursery.com,❌,403 Forbidden,https://www.pleasantrunnursery.com/plant-name/Lobelia-cardinalis
Lobelia cardinalis,CARDINAL FLOWER,Link: Newmoonnursery.com,❌,[No Title],https://newmoonnursery.com/nursery-plants/lobelia-cardinalis-new-moon-maroon/
Lobelia cardinalis,CARDINAL FLOWER,Link: Pinelandsnursery.com,✔,Lobelia cardinalis (Cardinal Flower) #1 POT - Native Plants,https://www.pinelandsnursery.com/lobelia-cardinalis-cardinal-flower-1-pot
Lobelia siphilitica,BLUE LOBELIA,Link: Missouri Botanical Garden,❌,Lobelia × speciosa  - Plant Finder,https://www.missouribotanicalgarden.org/PlantFinder/PlantFinderDetails.aspx?taxonid=292902
Lobelia siphilitica,BLUE LOBELIA,Link: Wildflower.org,❌,403 Forbidden,https://www.wildflower.org/plants/result.php?id_plant=losi
Lobelia siphilitica,BLUE LOBELIA,Link: Pleasantrunnursery.com,❌,403 Forbidden,https://www.pleasantrunnursery.com/plant-name/Lobelia-siphilitica
Lobelia siphilitica,BLUE LOBELIA,Link: Newmoonnursery.com,❌,[No Title],https://newmoonnursery.com/nursery-plants/lobelia-siphilitica/
Lobelia siphilitica,BLUE LOBELIA,Link: Pinelandsnursery.com,✔,Lobelia siphilitica (Blue Lobelia) #1 POT - Native Plants,https://www.pinelandsnursery.com/lobelia-siphilitica-blue-lobelia-1-pot
Mimulus ringens,MONKEY FLOWER,Link: Missouri Botanical Garden,✔,Mimulus ringens  - Plant Finder,https://www.missouribotanicalgarden.org/PlantFinder/PlantFinderDetails.aspx?kempercode=z410
Mimulus ringens,MONKEY FLOWER,Link: Wildflower.org,❌,403 Forbidden,https://www.wildflower.org/plants/result.php?id_plant=MIRI
Mimulus ringens,MONKEY FLOWER,Link: Pleasantrunnursery.com,❌,403 Forbidden,https://www.pleasantrunnursery.com/plant-name/Mimulus-ringens
Mimulus ringens,MONKEY FLOWER,Link: Newmoonnursery.com,❌ MISSING,,
Mimulus ringens,MONKEY FLOWER,Link: Pinelandsnursery.com,✔,Mimulus ringens (Allegehney Monkey Flower) Seed - Native Plants,https://www.pinelandsnursery.com/mimulus-ringens-allegehney-monkey-flower-seed
Monarda didyma,BEE-BALM,Link: Missouri Botanical Garden,✔,Monarda didyma  - Plant Finder,https://www.missouribotanicalgarden.org/PlantFinder/PlantFinderDetails.aspx?kempercode=q250
Monarda didyma,BEE-BALM,Link: Wildflower.org,❌,403 Forbidden,https://www.wildflower.org/plants/result.php?id_plant=MODI
Monarda didyma,BEE-BALM,Link: Pleasantrunnursery.com,❌,403 Forbidden,https://www.pleasantrunnursery.com/plant-name/Monarda-didyma
Monarda didyma,BEE-BALM,Link: Newmoonnursery.com,❌,[No Title],https://newmoonnursery.com/nursery-plants/monarda-didyma-gardenview-scarlet/
Monarda didyma,BEE-BALM,Link: Pinelandsnursery.com,✔,"Monarda didyma (Scarlet Beebalm) 2"" Plug 50 ct. - Native Plants",https://www.pinelandsnursery.com/monarda-didyma-scarlet-beebalm-2-plug
Monarda fistulosa,WILD BERGAMOT,Link: Missouri Botanical Garden,✔,Monarda fistulosa  - Plant Finder,https://www.missouribotanicalgarden.org/PlantFinder/PlantFinderDetails.aspx?kempercode=g560
Monarda fistulosa,WILD BERGAMOT,Link: Wildflower.org,❌,403 Forbidden,https://www.wildflower.org/plants/result.php?id_plant=mofi
Monarda fistulosa,WILD BERGAMOT,Link: Pleasantrunnursery.com,❌,403 Forbidden,https://www.pleasantrunnursery.com/plant-name/Monarda-fistulosa
Monarda fistulosa,WILD BERGAMOT,Link: Newmoonnursery.com,❌,[No Title],https://newmoonnursery.com/nursery-plants/monarda-fistulosa-claire-grace/
Monarda fistulosa,WILD BERGAMOT,Link: Pinelandsnursery.com,✔,Monarda fistulosa (Wild Bergamot) Seed - Native Plants,https://www.pinelandsnursery.com/monarda-fistulosa-wild-bergamot-seed
Penstemon digitalis,FOXGLOVE BEARDTONGUE,Link: Missouri Botanical Garden,✔,Penstemon digitalis  - Plant Finder,https://www.missouribotanicalgarden.org/PlantFinder/PlantFinderDetails.aspx?kempercode=g590
Penstemon digitalis,FOXGLOVE BEARDTONGUE,Link: Wildflower.org,❌,403 Forbidden,https://www.wildflower.org/plants/result.php?id_plant=pedi
Penstemon digitalis,FOXGLOVE BEARDTONGUE,Link: Pleasantrunnursery.com,❌,403 Forbidden,https://www.pleasantrunnursery.com/plant-name/Penstemon-digitalis
Penstemon digitalis,FOXGLOVE BEARDTONGUE,Link: Newmoonnursery.com,❌,[No Title],https://newmoonnursery.com/nursery-plants/penstemon-digitalis-pocahontas/
Penstemon digitalis,FOXGLOVE BEARDTONGUE,Link: Pinelandsnursery.com,✔,Penstemon digitalis (Foxglove Beardtongue) #1 POT - Native Plants,https://www.pinelandsnursery.com/penstemon-digitalis-foxglove-beardtongue-1-pot
Phlox divaricta,WOODLAND PHLOX,Link: Missouri Botanical Garden,❌,Phlox divaricata  - Plant Finder,https://www.missouribotanicalgarden.org/PlantFinder/PlantFinderDetails.aspx?kempercode=e580
Phlox divaricta,WOODLAND PHLOX,Link: Wildflower.org,❌,403 Forbidden,https://www.wildflower.org/plants/result.php?id_plant=PHDI5
Phlox divaricta,WOODLAND PHLOX,Link: Pleasantrunnursery.com,❌,403 Forbidden,https://www.pleasantrunnursery.com/plant-name/Phlox-divaricata-Blue-Moon
Phlox divaricta,WOODLAND PHLOX,Link: Newmoonnursery.com,❌,[No Title],https://newmoonnursery.com/nursery-plants/phlox-subulata-emerald-pink/
Phlox divaricta,WOODLAND PHLOX,Link: Pinelandsnursery.com,✔,"Search ""Phlox divaricta"" - Pinelands Nursery",https://www.pinelandsnursery.com/search?query=Phlox+divaricta
Phlox paniculata,GARDEN PHLOX,Link: Missouri Botanical Garden,✔,Phlox paniculata 'Jeana'  - Plant Finder,https://www.missouribotanicalgarden.org/PlantFinder/PlantFinderDetails.aspx?kempercode=f222
Phlox paniculata,GARDEN PHLOX,Link: Wildflower.org,❌,403 Forbidden,https://www.wildflower.org/plants/result.php?id_plant=phpa9
Phlox paniculata,GARDEN PHLOX,Link: Pleasantrunnursery.com,❌,403 Forbidden,https://www.pleasantrunnursery.com/plant-name/Phlox-paniculata-Blue-Paradise
Phlox paniculata,GARDEN PHLOX,Link: Newmoonnursery.com,❌,[No Title],https://newmoonnursery.com/nursery-plants/phlox-paniculata-jeana/
Phlox paniculata,GARDEN PHLOX,Link: Pinelandsnursery.com,✔,"Search ""Phlox paniculata"" - Pinelands Nursery",https://www.pinelandsnursery.com/search?query=Phlox+paniculata
Phlox stolonifera,CREEPING PHLOX,Link: Missouri Botanical Garden,✔,Phlox stolonifera  - Plant Finder,https://www.missouribotanicalgarden.org/PlantFinder/PlantFinderDetails.aspx?taxonid=285438
Phlox stolonifera,CREEPING PHLOX,Link: Wildflower.org,❌,403 Forbidden,https://www.wildflower.org/plants/result.php?id_plant=PHST3
Phlox stolonifera,CREEPING PHLOX,Link: Pleasantrunnursery.com,❌,403 Forbidden,https://www.pleasantrunnursery.com/plant-name/Phlox-stolonifera-Blue-Ridge
Phlox stolonifera,CREEPING PHLOX,Link: Newmoonnursery.com,❌,[No Title],https://newmoonnursery.com/nursery-plants/phlox-stolonifera/
Phlox stolonifera,CREEPING PHLOX,Link: Pinelandsnursery.com,✔,"Search ""Phlox stolonifera"" - Pinelands Nursery",https://www.pinelandsnursery.com/search?query=Phlox+stolonifera
Physostegia virginiana,FALSE DRAGONHEAD,Link: Missouri Botanical Garden,✔,Physostegia virginiana  - Plant Finder,https://www.missouribotanicalgarden.org/PlantFinder/PlantFinderDetails.aspx?kempercode=g620
Physostegia virginiana,FALSE DRAGONHEAD,Link: Wildflower.org,❌,403 Forbidden,https://www.wildflower.org/plants/result.php?id_plant=phvi8
Physostegia virginiana,FALSE DRAGONHEAD,Link: Pleasantrunnursery.com,❌,403 Forbidden,https://www.pleasantrunnursery.com/plant-name/Physostegia-virginiana-Miss-Manners
Physostegia virginiana,FALSE DRAGONHEAD,Link: Newmoonnursery.com,❌,[No Title],https://newmoonnursery.com/nursery-plants/physostegia-virginiana-vivid/
Physostegia virginiana,FALSE DRAGONHEAD,Link: Pinelandsnursery.com,❌,Rosa virginiana (Virginia Rose) #1 Pot - Native Plants,https://www.pinelandsnursery.com/rosa-virginiana-virginia-rose-1-pot
Pycnanthemum virginianum,VIRGINIA MOUNTAIN-MINT,Link: Missouri Botanical Garden,✔,Pycnanthemum virginianum  - Plant Finder,https://www.missouribotanicalgarden.org/PlantFinder/PlantFinderDetails.aspx?kempercode=l880
Pycnanthemum virginianum,VIRGINIA MOUNTAIN-MINT,Link: Wildflower.org,❌,403 Forbidden,https://www.wildflower.org/plants/result.php?id_plant=PYIN
Pycnanthemum virginianum,VIRGINIA MOUNTAIN-MINT,Link: Pleasantrunnursery.com,❌,403 Forbidden,https://www.pleasantrunnursery.com/plant-name/Pycnanthemum-virginianum
Pycnanthemum virginianum,VIRGINIA MOUNTAIN-MINT,Link: Newmoonnursery.com,❌,[No Title],https://newmoonnursery.com/nursery-plants/pycnanthemum-virginianum/
Pycnanthemum virginianum,VIRGINIA MOUNTAIN-MINT,Link: Pinelandsnursery.com,✔,Pycnanthemum virginianum (Virginia Mountain Mint) Seed - Native Plants,https://www.pinelandsnursery.com/pycnanthemum-virginianum-virginia-mountain-mint-seed
Rudbeckia fulgida,ORANGE CONEFLOWER,Link: Missouri Botanical Garden,✔,Rudbeckia fulgida  - Plant Finder,https://www.missouribotanicalgarden.org/PlantFinder/PlantFinderDetails.aspx?kempercode=g630
Rudbeckia fulgida,ORANGE CONEFLOWER,Link: Wildflower.org,❌,403 Forbidden,https://www.wildflower.org/plants/result.php?id_plant=rufu2
Rudbeckia fulgida,ORANGE CONEFLOWER,Link: Pleasantrunnursery.com,❌,403 Forbidden,https://www.pleasantrunnursery.com/plant-name/Rudbeckia-fulgida-var-deamii
Rudbeckia fulgida,ORANGE CONEFLOWER,Link: Newmoonnursery.com,❌,[No Title],https://newmoonnursery.com/nursery-plants/rudbeckia-fulgida-v-fulgida/
Rudbeckia fulgida,ORANGE CONEFLOWER,Link: Pinelandsnursery.com,✔,Rudbeckia fulgida (Orange Coneflower) #1 POT - Native Plants,https://www.pinelandsnursery.com/rudbeckia-fulgida-orange-coneflower-1-pot
Rudbeckia hirta,BLACK-EYED SUSAN,Link: Missouri Botanical Garden,✔,Rudbeckia hirta 'Moreno'  - Plant Finder,https://www.missouribotanicalgarden.org/PlantFinder/PlantFinderDetails.aspx?taxonid=298813
Rudbeckia hirta,BLACK-EYED SUSAN,Link: Wildflower.org,❌,403 Forbidden,https://www.wildflower.org/plants/result.php?id_plant=ruhi2
Rudbeckia hirta,BLACK-EYED SUSAN,Link: Pleasantrunnursery.com,❌,403 Forbidden,https://www.pleasantrunnursery.com/plant-name/Rudbeckia-hirta
Rudbeckia hirta,BLACK-EYED SUSAN,Link: Newmoonnursery.com,❌,[No Title],https://newmoonnursery.com/nursery-plants/6872-2/
Rudbeckia hirta,BLACK-EYED SUSAN,Link: Pinelandsnursery.com,✔,Rudbeckia hirta (Black-eyed Susan) Seed - Native Plants,https://www.pinelandsnursery.com/rudbeckia-hirta-black-eyed-susan-seed
Rudbeckia laciniata,CUTLEAF CONEFLOWER,Link: Missouri Botanical Garden,✔,Rudbeckia laciniata  - Plant Finder,https://www.missouribotanicalgarden.org/PlantFinder/PlantFinderDetails.aspx?kempercode=m200
Rudbeckia laciniata,CUTLEAF CONEFLOWER,Link: Wildflower.org,❌,403 Forbidden,https://www.wildflower.org/plants/result.php?id_plant=rula3
Rudbeckia laciniata,CUTLEAF CONEFLOWER,Link: Pleasantrunnursery.com,❌,403 Forbidden,https://www.pleasantrunnursery.com/plant-name/Rudbeckia-laciniata
Rudbeckia laciniata,CUTLEAF CONEFLOWER,Link: Newmoonnursery.com,❌,[No Title],https://newmoonnursery.com/nursery-plants/rudbeckia-laciniata/
Rudbeckia laciniata,CUTLEAF CONEFLOWER,Link: Pinelandsnursery.com,✔,"Rudbeckia laciniata (Cutleaf Coneflower), Seed - Native Plants",https://www.pinelandsnursery.com/rudbeckia-laciniata-seed
Siphium perfoliatum,CUP-PLANT,Link: Missouri Botanical Garden,❌,Silphium perfoliatum  - Plant Finder,https://www.missouribotanicalgarden.org/PlantFinder/PlantFinderDetails.aspx?kempercode=g650
Siphium perfoliatum,CUP-PLANT,Link: Wildflower.org,❌,403 Forbidden,https://www.wildflower.org/plants/result.php?id_plant=SIPE2
Siphium perfoliatum,CUP-PLANT,Link: Pleasantrunnursery.com,❌,403 Forbidden,https://www.pleasantrunnursery.com/plant-name/Eupatorium-perfoliatum
Siphium perfoliatum,CUP-PLANT,Link: Newmoonnursery.com,❌ MISSING,,
Siphium perfoliatum,CUP-PLANT,Link: Pinelandsnursery.com,❌,Eupatorium perfoliatum (Boneset) Seed - Native Plants,https://www.pinelandsnursery.com/eupatorium-perfoliatum-boneset-seed
Smilacina raceoscum,FALSE SOLOMON’S SEA,Link: Missouri Botanical Garden,❌,Maianthemum racemosum  - Plant Finder,https://www.missouribotanicalgarden.org/PlantFinder/PlantFinderDetails.aspx?kempercode=m390
Smilacina raceoscum,FALSE SOLOMON’S SEA,Link: Wildflower.org,❌,403 Forbidden,https://www.wildflower.org/plants/result.php?id_plant=MARA7
Smilacina raceoscum,FALSE SOLOMON’S SEA,Link: Pleasantrunnursery.com,❌,403 Forbidden,https://www.pleasantrunnursery.com/plant-name/Baptisia-alba-var-macrophylla
Smilacina raceoscum,FALSE SOLOMON’S SEA,Link: Newmoonnursery.com,❌ MISSING,,
Smilacina raceoscum,FALSE SOLOMON’S SEA,Link: Pinelandsnursery.com,✔,"Search ""Smilacina raceoscum"" - Pinelands Nursery",https://www.pinelandsnursery.com/search?query=Smilacina+raceoscum
Solidago nemoralis,GRAY GOLDENROD,Link: Missouri Botanical Garden,✔,Solidago nemoralis  - Plant Finder,https://www.missouribotanicalgarden.org/PlantFinder/PlantFinderDetails.aspx?taxonid=277240
Solidago nemoralis,GRAY GOLDENROD,Link: Wildflower.org,❌,403 Forbidden,https://www.wildflower.org/plants/result.php?id_plant=sogi
Solidago nemoralis,GRAY GOLDENROD,Link: Pleasantrunnursery.com,❌,403 Forbidden,https://www.pleasantrunnursery.com/plant-name/Solidago-nemoralis
Solidago nemoralis,GRAY GOLDENROD,Link: Newmoonnursery.com,❌,[No Title],https://newmoonnursery.com/nursery-plants/solidago-nemoralis/
Solidago nemoralis,GRAY GOLDENROD,Link: Pinelandsnursery.com,✔,Solidago nemoralis (Gray Goldenrod) Seed - Native Plants,https://www.pinelandsnursery.com/solidago-nemoralis-gray-goldenrod-seed
Solidago sempervirens,GOLDENROD,Link: Missouri Botanical Garden,❌,Solidago speciosa  - Plant Finder,https://www.missouribotanicalgarden.org/PlantFinder/PlantFinderDetails.aspx?kempercode=g690
Solidago sempervirens,GOLDENROD,Link: Wildflower.org,❌,403 Forbidden,https://www.wildflower.org/plants/result.php?id_plant=sose
Solidago sempervirens,GOLDENROD,Link: Pleasantrunnursery.com,❌,403 Forbidden,https://www.pleasantrunnursery.com/plant-name/Buxus-sempervirens
Solidago sempervirens,GOLDENROD,Link: Newmoonnursery.com,❌,[No Title],https://newmoonnursery.com/nursery-plants/aster-puniceus/
Solidago sempervirens,GOLDENROD,Link: Pinelandsnursery.com,✔,"Solidago sempervirens (Seaside Goldenrod) 2"" Plug 50 ct. - Native Plants",https://www.pinelandsnursery.com/solidago-sempervirens-seaside-goldenrod-2-plug
Stokesia laevis,STOKES’ ASTER,Link: Missouri Botanical Garden,✔,Stokesia laevis  - Plant Finder,https://www.missouribotanicalgarden.org/PlantFinder/PlantFinderDetails.aspx?kempercode=i900
Stokesia laevis,STOKES’ ASTER,Link: Wildflower.org,❌,403 Forbidden,https://www.wildflower.org/plants/result.php?id_plant=stla6
Stokesia laevis,STOKES’ ASTER,Link: Pleasantrunnursery.com,❌,403 Forbidden,https://www.pleasantrunnursery.com/plant-name/Stokesia-laevis-Peachie-s-Pick
Stokesia laevis,STOKES’ ASTER,Link: Newmoonnursery.com,❌,[No Title],https://newmoonnursery.com/nursery-plants/coreopsis-verticillata-zagreb/
Stokesia laevis,STOKES’ ASTER,Link: Pinelandsnursery.com,✔,"Search ""Stokesia laevis"" - Pinelands Nursery",https://www.pinelandsnursery.com/search?query=Stokesia+laevis
Symphyotrichum laeve,SMOOTH ASTER,Link: Missouri Botanical Garden,✔,Symphyotrichum laeve  - Plant Finder,https://www.missouribotanicalgarden.org/PlantFinder/PlantFinderDetails.aspx?kempercode=g420
Symphyotrichum laeve,SMOOTH ASTER,Link: Wildflower.org,❌,403 Forbidden,https://www.wildflower.org/plants/result.php?id_plant=sylal3
Symphyotrichum laeve,SMOOTH ASTER,Link: Pleasantrunnursery.com,❌,403 Forbidden,https://www.pleasantrunnursery.com/plant-name/Aster-laeve
Symphyotrichum laeve,SMOOTH ASTER,Link: Newmoonnursery.com,❌,[No Title],https://newmoonnursery.com/nursery-plants/aster-laevis/
Symphyotrichum laeve,SMOOTH ASTER,Link: Pinelandsnursery.com,✔,Symphyotrichum laeve (Smooth Aster) Seed - Native Plants,https://www.pinelandsnursery.com/symphyotrichum-laeve-smooth-aster-seed
Symphyotrichum novae,NEW ENGLAND ASTER,Link: Missouri Botanical Garden,✔,Symphyotrichum novae-angliae  - Plant Finder,https://www.missouribotanicalgarden.org/PlantFinder/PlantFinderDetails.aspx?kempercode=b540
Symphyotrichum novae,NEW ENGLAND ASTER,Link: Wildflower.org,❌,403 Forbidden,https://www.wildflower.org/plants/result.php?id_plant=syno2
Symphyotrichum novae,NEW ENGLAND ASTER,Link: Pleasantrunnursery.com,❌,403 Forbidden,https://www.pleasantrunnursery.com/plant-name/Aster-novae-angliae
Symphyotrichum novae,NEW ENGLAND ASTER,Link: Newmoonnursery.com,❌,[No Title],https://newmoonnursery.com/nursery-plants/aster-novae-angliae/
Symphyotrichum novae,NEW ENGLAND ASTER,Link: Pinelandsnursery.com,✔,Symphyotrichum novae-angliae (New England Aster) Seed - Native Plants,https://www.pinelandsnursery.com/symphyotrichum-novae-angliae-new-england-aster-seed
Symphyotrichum novi,NEW YORK ASTER,Link: Missouri Botanical Garden,✔,Symphyotrichum novi-belgii  - Plant Finder,https://www.missouribotanicalgarden.org/PlantFinder/PlantFinderDetails.aspx?taxonid=371788
Symphyotrichum novi,NEW YORK ASTER,Link: Wildflower.org,❌,403 Forbidden,https://www.wildflower.org/plants/result.php?id_plant=SYNOV
Symphyotrichum novi,NEW YORK ASTER,Link: Pleasantrunnursery.com,❌,403 Forbidden,https://www.pleasantrunnursery.com/plant-name/Aster-novi-belgii
Symphyotrichum novi,NEW YORK ASTER,Link: Newmoonnursery.com,❌,[No Title],https://newmoonnursery.com/nursery-plants/aster-novi-belgii/
Symphyotrichum novi,NEW YORK ASTER,Link: Pinelandsnursery.com,✔,Symphyotrichum novi-belgii (New York Aster) Seed - Native Plants,https://www.pinelandsnursery.com/symphyotrichum-novi-belgii-new-york-aster-seed
Tiarella cordifolia,FOAM FLOWER,Link: Missouri Botanical Garden,✔,Tiarella cordifolia  - Plant Finder,https://www.missouribotanicalgarden.org/PlantFinder/PlantFinderDetails.aspx?kempercode=f990
Tiarella cordifolia,FOAM FLOWER,Link: Wildflower.org,❌,403 Forbidden,https://www.wildflower.org/plants/result.php?id_plant=TICO
Tiarella cordifolia,FOAM FLOWER,Link: Pleasantrunnursery.com,❌,403 Forbidden,https://www.pleasantrunnursery.com/plant-name/Tiarella-cordifolia
Tiarella cordifolia,FOAM FLOWER,Link: Newmoonnursery.com,❌,[No Title],https://newmoonnursery.com/nursery-plants/tiarella-cordifolia-brandywine/
Tiarella cordifolia,FOAM FLOWER,Link: Pinelandsnursery.com,✔,"Search ""Tiarella cordifolia"" - Pinelands Nursery",https://www.pinelandsnursery.com/search?query=Tiarella+cordifolia
Verbena hastata,BLUE VERVAIN,Link: Missouri Botanical Garden,✔,Verbena hastata  - Plant Finder,https://www.missouribotanicalgarden.org/PlantFinder/PlantFinderDetails.aspx?kempercode=z370
Verbena hastata,BLUE VERVAIN,Link: Wildflower.org,❌,403 Forbidden,https://www.wildflower.org/plants/result.php?id_plant=veha2
Verbena hastata,BLUE VERVAIN,Link: Pleasantrunnursery.com,❌,403 Forbidden,https://www.pleasantrunnursery.com/plant-name/Verbena-hastata
Verbena hastata,BLUE VERVAIN,Link: Newmoonnursery.com,❌,[No Title],https://newmoonnursery.com/nursery-plants/verbena-hastata-pink-spires/
Verbena hastata,BLUE VERVAIN,Link: Pinelandsnursery.com,✔,Verbena hastata (Blue Vervain) Seed - Native Plants,https://www.pinelandsnursery.com/verbena-hastata-blue-vervain-seed
Vernonia noveboracensis,NEW YORK IRONWEED,Link: Missouri Botanical Garden,✔,Vernonia noveboracensis  - Plant Finder,https://www.missouribotanicalgarden.org/PlantFinder/PlantFinderDetails.aspx?kempercode=g160
Vernonia noveboracensis,NEW YORK IRONWEED,Link: Wildflower.org,❌,403 Forbidden,https://www.wildflower.org/plants/result.php?id_plant=asin
Vernonia noveboracensis,NEW YORK IRONWEED,Link: Pleasantrunnursery.com,❌,403 Forbidden,https://www.pleasantrunnursery.com/plant-name/Vernonia-noveboracensis
Vernonia noveboracensis,NEW YORK IRONWEED,Link: Newmoonnursery.com,❌,[No Title],https://newmoonnursery.com/nursery-plants/veronicastrum-virginicum/
Vernonia noveboracensis,NEW YORK IRONWEED,Link: Pinelandsnursery.com,✔,Vernonia noveboracensis (New York Ironweed) Seed - Native Plants,https://www.pinelandsnursery.com/vernonia-noveboracensis-new-york-ironweed-seed
Veronicastrum virginicum,CULVER’S ROOT,Link: Missouri Botanical Garden,✔,Veronicastrum virginicum  - Plant Finder,https://www.missouribotanicalgarden.org/PlantFinder/PlantFinderDetails.aspx?kempercode=g180
Veronicastrum virginicum,CULVER’S ROOT,Link: Wildflower.org,❌,403 Forbidden,https://www.wildflower.org/plants/result.php?id_plant=vevi4
Veronicastrum virginicum,CULVER’S ROOT,Link: Pleasantrunnursery.com,❌,403 Forbidden,https://www.pleasantrunnursery.com/plant-name/Veronicastrum-virginicum
Veronicastrum virginicum,CULVER’S ROOT,Link: Newmoonnursery.com,❌,[No Title],https://newmoonnursery.com/nursery-plants/veronicastrum-virginicum/
Veronicastrum virginicum,CULVER’S ROOT,Link: Pinelandsnursery.com,✔,Veronicastrum virginicum (Culver's root) #1 POT - Native Plants,https://www.pinelandsnursery.com/veronicastrum-virginicum
Athyrium filix,LADY FERN,Link: Missouri Botanical Garden,✔,Athyrium filix-femina  - Plant Finder,https://www.missouribotanicalgarden.org/PlantFinder/PlantFinderDetails.aspx?kempercode=b630
Athyrium filix,LADY FERN,Link: Wildflower.org,❌,403 Forbidden,https://www.wildflower.org/plants/result.php?id_plant=ATFI
Athyrium filix,LADY FERN,Link: Pleasantrunnursery.com,❌,403 Forbidden,https://www.pleasantrunnursery.com/plant-name/Athyrium-filix-femina
Athyrium filix,LADY FERN,Link: Newmoonnursery.com,❌,[No Title],https://newmoonnursery.com/nursery-plants/tiarella-cordifolia-wherryi/
Athyrium filix,LADY FERN,Link: Pinelandsnursery.com,✔,"Search ""Athyrium filix"" - Pinelands Nursery",https://www.pinelandsnursery.com/search?query=Athyrium+filix
Dryopteris marginalis,MARGINAL WOODLAND FERN,Link: Missouri Botanical Garden,✔,Dryopteris marginalis  - Plant Finder,https://www.missouribotanicalgarden.org/PlantFinder/PlantFinderDetails.aspx?kempercode=k170
Dryopteris marginalis,MARGINAL WOODLAND FERN,Link: Wildflower.org,❌,403 Forbidden,https://www.wildflower.org/plants/result.php?id_plant=OSCI
Dryopteris marginalis,MARGINAL WOODLAND FERN,Link: Pleasantrunnursery.com,❌,403 Forbidden,https://www.pleasantrunnursery.com/plant-name/Dryopteris-marginalis
Dryopteris marginalis,MARGINAL WOODLAND FERN,Link: Newmoonnursery.com,❌,[No Title],https://newmoonnursery.com/nursery-plants/polemonium-reptans/
Dryopteris marginalis,MARGINAL WOODLAND FERN,Link: Pinelandsnursery.com,✔,Dryopteris marginalis (Marginal Woodfern) 32 ct. Tubeling - Native Plants,https://www.pinelandsnursery.com/dryopteris-marginalis-marginal-woodfern-tubeling
Matteuccia struthiopteris,OSTRICH FERN,Link: Missouri Botanical Garden,✔,Matteuccia struthiopteris 'The King'  - Plant Finder,https://www.missouribotanicalgarden.org/PlantFinder/PlantFinderDetails.aspx?taxonid=272444
Matteuccia struthiopteris,OSTRICH FERN,Link: Wildflower.org,❌,403 Forbidden,https://www.wildflower.org/plants/result.php?id_plant=MAST
Matteuccia struthiopteris,OSTRICH FERN,Link: Pleasantrunnursery.com,❌,403 Forbidden,https://www.pleasantrunnursery.com/plant-name/Matteuccia-struthiopteris
Matteuccia struthiopteris,OSTRICH FERN,Link: Newmoonnursery.com,❌ MISSING,,
Matteuccia struthiopteris,OSTRICH FERN,Link: Pinelandsnursery.com,✔,Matteuccia struthiopteris (Ostrich Fern) 32 ct. Tubeling - Native Plants,https://www.pinelandsnursery.com/matteuccia-struthiopteris-ostrich-fern-tubeling
Onoclea Sensibilis,SENSITIVE FERN,Link: Missouri Botanical Garden,✔,Onoclea sensibilis  - Plant Finder,https://www.missouribotanicalgarden.org/PlantFinder/PlantFinderDetails.aspx?kempercode=l300
Onoclea Sensibilis,SENSITIVE FERN,Link: Wildflower.org,❌,403 Forbidden,https://www.wildflower.org/plants/result.php?id_plant=ONSE
Onoclea Sensibilis,SENSITIVE FERN,Link: Pleasantrunnursery.com,❌,403 Forbidden,https://www.pleasantrunnursery.com/plant-name/Onoclea-sensibilis
Onoclea Sensibilis,SENSITIVE FERN,Link: Newmoonnursery.com,❌ MISSING,,
Onoclea Sensibilis,SENSITIVE FERN,Link: Pinelandsnursery.com,✔,Onoclea sensibilis (Sensitive Fern) 32 ct. Tubeling - Native Plants,https://www.pinelandsnursery.com/onoclea-sensibilis-sensitive-fern-tubeling
Osmunda cinnamomea,CINNAMON FERN,Link: Missouri Botanical Garden,❌,Osmundastrum cinnamomeum  - Plant Finder,https://www.missouribotanicalgarden.org/PlantFinder/PlantFinderDetails.aspx?kempercode=i570
Osmunda cinnamomea,CINNAMON FERN,Link: Wildflower.org,❌,403 Forbidden,https://www.wildflower.org/plants/result.php?id_plant=OSCI
Osmunda cinnamomea,CINNAMON FERN,Link: Pleasantrunnursery.com,❌,403 Forbidden,https://www.pleasantrunnursery.com/plant-name/Osmunda-cinnamomea
Osmunda cinnamomea,CINNAMON FERN,Link: Newmoonnursery.com,❌,[No Title],https://newmoonnursery.com/nursery-plants/luzula-acuminata/
Osmunda cinnamomea,CINNAMON FERN,Link: Pinelandsnursery.com,✔,Osmunda cinnamomea (Cinnamon Fern) #1 POT - Native Plants,https://www.pinelandsnursery.com/osmunda-cinnamomea-cinnamon-fern-1-pot
Osmunda regalis,ROYAL FERN,Link: Missouri Botanical Garden,✔,Osmunda regalis  - Plant Finder,https://www.missouribotanicalgarden.org/PlantFinder/PlantFinderDetails.aspx?kempercode=l320
Osmunda regalis,ROYAL FERN,Link: Wildflower.org,❌,403 Forbidden,https://www.wildflower.org/plants/result.php?id_plant=osre
Osmunda regalis,ROYAL FERN,Link: Pleasantrunnursery.com,❌,403 Forbidden,https://www.pleasantrunnursery.com/plant-name/Royal_Fern
Osmunda regalis,ROYAL FERN,Link: Newmoonnursery.com,❌ MISSING,,
Osmunda regalis,ROYAL FERN,Link: Pinelandsnursery.com,✔,Osmunda regalis (Royal Fern) 32 ct. Tubeling - Native Plants,https://www.pinelandsnursery.com/osmunda-regalis-royal-fern-tubeling
Polystichum acrostichoides,CHRISTMAS FERN,Link: Missouri Botanical Garden,✔,Polystichum acrostichoides  - Plant Finder,https://www.missouribotanicalgarden.org/PlantFinder/PlantFinderDetails.aspx?kempercode=a710
Polystichum acrostichoides,CHRISTMAS FERN,Link: Wildflower.org,❌,403 Forbidden,https://www.wildflower.org/plants/result.php?id_plant=poac4
Polystichum acrostichoides,CHRISTMAS FERN,Link: Pleasantrunnursery.com,❌,403 Forbidden,https://www.pleasantrunnursery.com/plant-name/Polystichum-acrostichoides
Polystichum acrostichoides,CHRISTMAS FERN,Link: Newmoonnursery.com,❌,[No Title],https://newmoonnursery.com/nursery-plants/tiarella-cordifolia-wherryi/
Polystichum acrostichoides,CHRISTMAS FERN,Link: Pinelandsnursery.com,✔,Polystichum acrostichoides (Christmas Fern) 32 ct. Tubeling - Native Plants,https://www.pinelandsnursery.com/polystichum-acrostichoides-christmas-fern-tubeling
Andropogon gerardii,BIG BLUESTEM,Link: Missouri Botanical Garden,✔,Andropogon gerardii  - Plant Finder,https://www.missouribotanicalgarden.org/PlantFinder/PlantFinderDetails.aspx?kempercode=g720
Andropogon gerardii,BIG BLUESTEM,Link: Wildflower.org,❌,403 Forbidden,https://www.wildflower.org/plants/result.php?id_plant=ange
Andropogon gerardii,BIG BLUESTEM,Link: Pleasantrunnursery.com,❌,403 Forbidden,https://www.pleasantrunnursery.com/plant-name/Andropogon-gerardii-Blackhawks
Andropogon gerardii,BIG BLUESTEM,Link: Newmoonnursery.com,❌,[No Title],https://newmoonnursery.com/nursery-plants/andropogon-gerardii-holy-smoke/
Andropogon gerardii,BIG BLUESTEM,Link: Pinelandsnursery.com,✔,Andropogon gerardii (Big Bluestem) Seed - Native Plants,https://www.pinelandsnursery.com/andropogon-gerardii-big-bluestem-seed
Carex amphibola,CREEK SEDGE,Link: Missouri Botanical Garden,❌,Carex pensylvanica  - Plant Finder,https://www.missouribotanicalgarden.org/PlantFinder/PlantFinderDetails.aspx?kempercode=f237
Carex amphibola,CREEK SEDGE,Link: Wildflower.org,❌,403 Forbidden,https://www.wildflower.org/plants/result.php?id_plant=caam8
Carex amphibola,CREEK SEDGE,Link: Pleasantrunnursery.com,❌,403 Forbidden,https://www.pleasantrunnursery.com/plant-name/Carex-albicans
Carex amphibola,CREEK SEDGE,Link: Newmoonnursery.com,❌,[No Title],https://newmoonnursery.com/nursery-plants/carex-amphibola/
Carex amphibola,CREEK SEDGE,Link: Pinelandsnursery.com,❌,Carex stricta (Tussock Sedge) Seed - Native Plants,https://www.pinelandsnursery.com/carex-stricta-tussock-sedge-seed
Carex crinita,FRINGED SEDGE,Link: Missouri Botanical Garden,✔,Carex crinita  - Plant Finder,https://www.missouribotanicalgarden.org/PlantFinder/PlantFinderDetails.aspx?taxonid=279732
Carex crinita,FRINGED SEDGE,Link: Wildflower.org,❌,403 Forbidden,https://www.wildflower.org/plants/result.php?id_plant=cacr6
Carex crinita,FRINGED SEDGE,Link: Pleasantrunnursery.com,❌,403 Forbidden,https://www.pleasantrunnursery.com/plant-name/Carex-albicans
Carex crinita,FRINGED SEDGE,Link: Newmoonnursery.com,❌,[No Title],https://newmoonnursery.com/nursery-plants/carex-crinita/
Carex crinita,FRINGED SEDGE,Link: Pinelandsnursery.com,✔,"Carex crinita (Fringed Sedge) 2"" Plug 50 ct. - Native Plants",https://www.pinelandsnursery.com/carex-crinita-fringed-sedge-2-plug
Carex grayi,GRAY SEDGE,Link: Missouri Botanical Garden,✔,Carex grayi  - Plant Finder,https://www.missouribotanicalgarden.org/PlantFinder/PlantFinderDetails.aspx?taxonid=279804
Carex grayi,GRAY SEDGE,Link: Wildflower.org,❌,403 Forbidden,https://www.wildflower.org/plants/result.php?id_plant=CAGR5
Carex grayi,GRAY SEDGE,Link: Pleasantrunnursery.com,❌,403 Forbidden,https://www.pleasantrunnursery.com/plant-name/Carex-grayi
Carex grayi,GRAY SEDGE,Link: Newmoonnursery.com,❌,[No Title],https://newmoonnursery.com/nursery-plants/carex-grayi/
Carex grayi,GRAY SEDGE,Link: Pinelandsnursery.com,❌,Carex stricta (Tussock Sedge) Seed - Native Plants,https://www.pinelandsnursery.com/carex-stricta-tussock-sedge-seed
Carex laxiculmis,CREEPING SEDGE,Link: Missouri Botanical Garden,✔,Carex laxiculmis  - Plant Finder,https://www.missouribotanicalgarden.org/PlantFinder/PlantFinderDetails.aspx?taxonid=279805
Carex laxiculmis,CREEPING SEDGE,Link: Wildflower.org,❌,403 Forbidden,https://www.wildflower.org/plants/result.php?id_plant=CALAL4
Carex laxiculmis,CREEPING SEDGE,Link: Pleasantrunnursery.com,❌,403 Forbidden,https://www.pleasantrunnursery.com/plant-name/Carex-laxiculmis-Bunny-Blue
Carex laxiculmis,CREEPING SEDGE,Link: Newmoonnursery.com,❌,[No Title],https://newmoonnursery.com/nursery-plants/carex-laxiculmis/
Carex laxiculmis,CREEPING SEDGE,Link: Pinelandsnursery.com,❌,Carex stricta (Tussock Sedge) Seed - Native Plants,https://www.pinelandsnursery.com/carex-stricta-tussock-sedge-seed
Carex pensylvanica,PENNSYLVANIA SEDGE,Link: Missouri Botanical Garden,✔,Carex pensylvanica  - Plant Finder,https://www.missouribotanicalgarden.org/PlantFinder/PlantFinderDetails.aspx?kempercode=f237
Carex pensylvanica,PENNSYLVANIA SEDGE,Link: Wildflower.org,❌,403 Forbidden,https://www.wildflower.org/plants/result.php?id_plant=cape6
Carex pensylvanica,PENNSYLVANIA SEDGE,Link: Pleasantrunnursery.com,❌,403 Forbidden,https://www.pleasantrunnursery.com/plant-name/Carex-pensylvanica
Carex pensylvanica,PENNSYLVANIA SEDGE,Link: Newmoonnursery.com,❌,[No Title],https://newmoonnursery.com/nursery-plants/carex-pensylvanica/
Carex pensylvanica,PENNSYLVANIA SEDGE,Link: Pinelandsnursery.com,✔,"Carex pensylvanica (Pennsylvania Sedge) 2"" Plug 50 ct. - Native Plants",https://www.pinelandsnursery.com/carex-pensylvanica-pennsylvania-sedge-2-plug
Carex plantaginea,SEERSUCKER SEDGE,Link: Missouri Botanical Garden,❌,Carex alata  - Plant Finder,https://www.missouribotanicalgarden.org/PlantFinder/PlantFinderDetails.aspx?taxonid=279765&isprofile=1&gen=Carex
Carex plantaginea,SEERSUCKER SEDGE,Link: Wildflower.org,❌,403 Forbidden,https://www.wildflower.org/plants/result.php?id_plant=CAAL3
Carex plantaginea,SEERSUCKER SEDGE,Link: Pleasantrunnursery.com,❌,403 Forbidden,https://www.pleasantrunnursery.com/plant-name/Carex-plantaginea
Carex plantaginea,SEERSUCKER SEDGE,Link: Newmoonnursery.com,❌,[No Title],https://newmoonnursery.com/nursery-plants/carex-plantaginea/
Carex plantaginea,SEERSUCKER SEDGE,Link: Pinelandsnursery.com,✔,Carex plantaginea (Plaintain Leaf Sedge) #1 POT - Native Plants,https://www.pinelandsnursery.com/carex-plantaginea-1-pot
Carex stipata,AWL-FRUITED SEDGE,Link: Missouri Botanical Garden,❌,Carex stricta  - Plant Finder,https://www.missouribotanicalgarden.org/PlantFinder/PlantFinderDetails.aspx?taxonid=279745
Carex stipata,AWL-FRUITED SEDGE,Link: Wildflower.org,❌,403 Forbidden,https://www.wildflower.org/plants/result.php?id_plant=cast5
Carex stipata,AWL-FRUITED SEDGE,Link: Pleasantrunnursery.com,❌,403 Forbidden,https://www.pleasantrunnursery.com/plant-name/Carex-albicans
Carex stipata,AWL-FRUITED SEDGE,Link: Newmoonnursery.com,❌ MISSING,,
Carex stipata,AWL-FRUITED SEDGE,Link: Pinelandsnursery.com,✔,"Carex stipata (Awl-Fruit Sedge) 2"" Plug 50 ct. - Native Plants",https://www.pinelandsnursery.com/carex-stipata-awl-fruit-sedge-2-plug
Carex stricta,TUSSOCK SEDGE,Link: Missouri Botanical Garden,✔,Carex stricta  - Plant Finder,https://www.missouribotanicalgarden.org/PlantFinder/PlantFinderDetails.aspx?kempercode=d584
Carex stricta,TUSSOCK SEDGE,Link: Wildflower.org,❌,403 Forbidden,https://www.wildflower.org/plants/result.php?id_plant=CAST8
Carex stricta,TUSSOCK SEDGE,Link: Pleasantrunnursery.com,❌,403 Forbidden,https://www.pleasantrunnursery.com/plant-name/Carex-albicans
Carex stricta,TUSSOCK SEDGE,Link: Newmoonnursery.com,❌,[No Title],https://newmoonnursery.com/nursery-plants/carex-stricta/
Carex stricta,TUSSOCK SEDGE,Link: Pinelandsnursery.com,✔,Carex stricta (Tussock Sedge) Seed - Native Plants,https://www.pinelandsnursery.com/carex-stricta-tussock-sedge-seed
Carex vulpinoidea,FOX SEDGE,Link: Missouri Botanical Garden,✔,Carex vulpinoidea  - Plant Finder,https://www.missouribotanicalgarden.org/PlantFinder/PlantFinderDetails.aspx?kempercode=g760
Carex vulpinoidea,FOX SEDGE,Link: Wildflower.org,❌,403 Forbidden,https://www.wildflower.org/plants/result.php?id_plant=cavu2
Carex vulpinoidea,FOX SEDGE,Link: Pleasantrunnursery.com,❌,403 Forbidden,https://www.pleasantrunnursery.com/plant-name/Carex-vulpinoidea
Carex vulpinoidea,FOX SEDGE,Link: Newmoonnursery.com,❌,[No Title],https://newmoonnursery.com/nursery-plants/carex-vulpinoidea/
Carex vulpinoidea,FOX SEDGE,Link: Pinelandsnursery.com,✔,Carex vulpinoidea (Fox Sedge) Seed - Native Plants,https://www.pinelandsnursery.com/carex-vulpinoidea-fox-sedge-seed
Chasmanthium latifolium,NORTHERN SEA OATS,Link: Missouri Botanical Garden,✔,Chasmanthium latifolium  - Plant Finder,https://www.missouribotanicalgarden.org/PlantFinder/PlantFinderDetails.aspx?kempercode=a240
Chasmanthium latifolium,NORTHERN SEA OATS,Link: Wildflower.org,❌,403 Forbidden,https://www.wildflower.org/plants/result.php?id_plant=veha2
Chasmanthium latifolium,NORTHERN SEA OATS,Link: Pleasantrunnursery.com,❌,403 Forbidden,https://www.pleasantrunnursery.com/plant-name/Chasmanthium-latifolium
Chasmanthium latifolium,NORTHERN SEA OATS,Link: Newmoonnursery.com,❌,[No Title],https://newmoonnursery.com/nursery-plants/chasmanthium-latifolium/
Chasmanthium latifolium,NORTHERN SEA OATS,Link: Pinelandsnursery.com,✔,"Chasmanthium latifolium (Northern Sea Oats) 2"" Plug 50 ct. - Native Plants",https://www.pinelandsnursery.com/chasmanthium-latifolium
Deshampsia cespitosa,TUFTED HAIRGRASS,Link: Missouri Botanical Garden,❌,Deschampsia cespitosa  - Plant Finder,https://www.missouribotanicalgarden.org/PlantFinder/PlantFinderDetails.aspx?kempercode=c450
Deshampsia cespitosa,TUFTED HAIRGRASS,Link: Wildflower.org,❌,403 Forbidden,https://www.wildflower.org/plants/result.php?id_plant=pedi
Deshampsia cespitosa,TUFTED HAIRGRASS,Link: Pleasantrunnursery.com,❌,403 Forbidden,https://www.pleasantrunnursery.com/plant-name/Deschampsia-cespitosa
Deshampsia cespitosa,TUFTED HAIRGRASS,Link: Newmoonnursery.com,❌,[No Title],https://newmoonnursery.com/nursery-plants/deschampsia-flexuosa-sold-out-until-2021/
Deshampsia cespitosa,TUFTED HAIRGRASS,Link: Pinelandsnursery.com,✔,Deschampsia cespitosa (Tufted Hairgrass) #1 POT - Native Plants,https://www.pinelandsnursery.com/deschampsia-cespitosa-1-pot
Elymus virginicus,VIRGINIA WILD RYE,Link: Missouri Botanical Garden,✔,Elymus virginicus  - Plant Finder,https://www.missouribotanicalgarden.org/PlantFinder/PlantFinderDetails.aspx?taxonid=285239
Elymus virginicus,VIRGINIA WILD RYE,Link: Wildflower.org,❌,403 Forbidden,https://www.wildflower.org/plants/result.php?id_plant=ELVIV
Elymus virginicus,VIRGINIA WILD RYE,Link: Pleasantrunnursery.com,❌,403 Forbidden,https://www.pleasantrunnursery.com/plant-name/Elymus-virginicus
Elymus virginicus,VIRGINIA WILD RYE,Link: Newmoonnursery.com,❌,[No Title],https://newmoonnursery.com/nursery-plants/elymus-virginicus/
Elymus virginicus,VIRGINIA WILD RYE,Link: Pinelandsnursery.com,✔,Elymus virginicus (Virginia Wild-Rye) Seed - Native Plants,https://www.pinelandsnursery.com/elymus-virginicus-virginia-wild-rye-seed
Eragrostis spectabilis,PURPLE LOVEGRASS,Link: Missouri Botanical Garden,✔,Eragrostis spectabilis  - Plant Finder,https://www.missouribotanicalgarden.org/PlantFinder/PlantFinderDetails.aspx?kempercode=d593
Eragrostis spectabilis,PURPLE LOVEGRASS,Link: Wildflower.org,❌,403 Forbidden,https://www.wildflower.org/plants/result.php?id_plant=ersp
Eragrostis spectabilis,PURPLE LOVEGRASS,Link: Pleasantrunnursery.com,❌,403 Forbidden,https://www.pleasantrunnursery.com/plant-name/Eragrostis-spectabilis
Eragrostis spectabilis,PURPLE LOVEGRASS,Link: Newmoonnursery.com,❌,[No Title],https://newmoonnursery.com/nursery-plants/eragrostis-spectabilis/
Eragrostis spectabilis,PURPLE LOVEGRASS,Link: Pinelandsnursery.com,✔,Eragrostis spectabilis (Purple Lovegrass ) #1 POT - Native Plants,https://www.pinelandsnursery.com/eragrostis-spectabilis-1-pot
Juncus effusus,SOFT RUSH,Link: Missouri Botanical Garden,✔,Juncus effusus  - Plant Finder,https://www.missouribotanicalgarden.org/PlantFinder/PlantFinderDetails.aspx?kempercode=c262
Juncus effusus,SOFT RUSH,Link: Wildflower.org,❌,403 Forbidden,https://www.wildflower.org/plants/result.php?id_plant=JUEF
Juncus effusus,SOFT RUSH,Link: Pleasantrunnursery.com,❌,403 Forbidden,https://www.pleasantrunnursery.com/plant-name/Juncus-effusus
Juncus effusus,SOFT RUSH,Link: Newmoonnursery.com,❌,[No Title],https://newmoonnursery.com/nursery-plants/juncus-effusus/
Juncus effusus,SOFT RUSH,Link: Pinelandsnursery.com,✔,Juncus effusus (Soft Rush) Seed - Native Plants,https://www.pinelandsnursery.com/juncus-effusus-soft-rush-seed
Panicum virgatum,SWITCHGRASS,Link: Missouri Botanical Garden,✔,Panicum virgatum  - Plant Finder,https://www.missouribotanicalgarden.org/PlantFinder/PlantFinderDetails.aspx?kempercode=l460
Panicum virgatum,SWITCHGRASS,Link: Wildflower.org,❌,403 Forbidden,https://www.wildflower.org/plants/result.php?id_plant=pavi2
Panicum virgatum,SWITCHGRASS,Link: Pleasantrunnursery.com,❌,403 Forbidden,https://www.pleasantrunnursery.com/plant-name/Panicum-virgatum
Panicum virgatum,SWITCHGRASS,Link: Newmoonnursery.com,❌,[No Title],https://newmoonnursery.com/nursery-plants/panicum-virgatum-prairie-dog/
Panicum virgatum,SWITCHGRASS,Link: Pinelandsnursery.com,✔,Panicum virgatum (Switchgrass) Seed - Native Plants,https://www.pinelandsnursery.com/panicum-virgatum-switchgrass-seed
Schizachyrium scoparium,LITTLE BLUESTEM,Link: Missouri Botanical Garden,✔,Schizachyrium scoparium  - Plant Finder,https://www.missouribotanicalgarden.org/PlantFinder/PlantFinderDetails.aspx?kempercode=f510
Schizachyrium scoparium,LITTLE BLUESTEM,Link: Wildflower.org,❌,403 Forbidden,https://www.wildflower.org/plants/result.php?id_plant=SCSC
Schizachyrium scoparium,LITTLE BLUESTEM,Link: Pleasantrunnursery.com,❌,403 Forbidden,https://www.pleasantrunnursery.com/plant-name/Schizachyrium-scoparium
Schizachyrium scoparium,LITTLE BLUESTEM,Link: Newmoonnursery.com,❌,[No Title],https://newmoonnursery.com/nursery-plants/schizachyrium-scoparium-sandhill/
Schizachyrium scoparium,LITTLE BLUESTEM,Link: Pinelandsnursery.com,✔,Schizachyrium scoparium (Little Bluestem) Seed - Native Plants,https://www.pinelandsnursery.com/schizachyrium-scoparium-little-bluestem-seed
Sorghastrum nutans,INDIANGRASS,Link: Missouri Botanical Garden,✔,Sorghastrum nutans  - Plant Finder,https://www.missouribotanicalgarden.org/PlantFinder/PlantFinderDetails.aspx?kempercode=g780
Sorghastrum nutans,INDIANGRASS,Link: Wildflower.org,❌,403 Forbidden,https://www.wildflower.org/plants/result.php?id_plant=sonu2
Sorghastrum nutans,INDIANGRASS,Link: Pleasantrunnursery.com,❌,403 Forbidden,https://www.pleasantrunnursery.com/plant-name/Sorghastrum-nutans
Sorghastrum nutans,INDIANGRASS,Link: Newmoonnursery.com,❌,[No Title],https://newmoonnursery.com/nursery-plants/sorghastrum-nutans-indian-steel/
Sorghastrum nutans,INDIANGRASS,Link: Pinelandsnursery.com,✔,Sorghastrum nutans (Indiangrass) Seed - Native Plants,https://www.pinelandsnursery.com/sorghastrum-nutans-indiangrass-seed
Sporobolus heterolepis,PRAIRIE DROPSEED,Link: Missouri Botanical Garden,✔,Sporobolus heterolepis  - Plant Finder,https://www.missouribotanicalgarden.org/PlantFinder/PlantFinderDetails.aspx?kempercode=f680
Sporobolus heterolepis,PRAIRIE DROPSEED,Link: Wildflower.org,❌,403 Forbidden,https://www.wildflower.org/plants/result.php?id_plant=ecpu
Sporobolus heterolepis,PRAIRIE DROPSEED,Link: Pleasantrunnursery.com,❌,403 Forbidden,https://www.pleasantrunnursery.com/plant-name/Sporobolus-heterolepis
Sporobolus heterolepis,PRAIRIE DROPSEED,Link: Newmoonnursery.com,❌,[No Title],https://newmoonnursery.com/nursery-plants/sporobolus-heterolepis-tara/
Sporobolus heterolepis,PRAIRIE DROPSEED,Link: Pinelandsnursery.com,✔,Sporobolus heterolepis (Prairie Dropseed) #1 POT - Native Plants,https://www.pinelandsnursery.com/sporobolus-heterolepis-1-pot
Andromeda polifolia,BOG ROSEMARY,Link: Missouri Botanical Garden,✔,"Andromeda polifolia (Bog Rosemary, Marsh Andromeda) | North Carolina Extension Gardener Plant Toolbox",https://plants.ces.ncsu.edu/plants/andromeda-polifolia/
Andromeda polifolia,BOG ROSEMARY,Link: Wildflower.org,❌,403 Forbidden,https://www.wildflower.org/plants/result.php?id_plant=anpo
Andromeda polifolia,BOG ROSEMARY,Link: Pleasantrunnursery.com,❌,403 Forbidden,https://www.pleasantrunnursery.com/plant-name/Pieris-japonica-Cavatine
Andromeda polifolia,BOG ROSEMARY,Link: Newmoonnursery.com,❌ MISSING,,
Andromeda polifolia,BOG ROSEMARY,Link: Pinelandsnursery.com,✔,"Search ""Andromeda polifolia"" - Pinelands Nursery",https://www.pinelandsnursery.com/search?query=Andromeda+polifolia
Aronia arbutifolia,RED CHOKEBERRY,Link: Missouri Botanical Garden,✔,Aronia arbutifolia  - Plant Finder,https://www.missouribotanicalgarden.org/PlantFinder/PlantFinderDetails.aspx?taxonid=286551
Aronia arbutifolia,RED CHOKEBERRY,Link: Wildflower.org,❌,403 Forbidden,https://www.wildflower.org/plants/result.php?id_plant=ARAR7
Aronia arbutifolia,RED CHOKEBERRY,Link: Pleasantrunnursery.com,❌,403 Forbidden,https://www.pleasantrunnursery.com/plant-name/Aronia-arbutifolia-Brilliantissima
Aronia arbutifolia,RED CHOKEBERRY,Link: Newmoonnursery.com,❌ MISSING,,
Aronia arbutifolia,RED CHOKEBERRY,Link: Pinelandsnursery.com,✔,Photinia pyrifolia (Red Chokeberry) #1 Pot - Native Plants,https://www.pinelandsnursery.com/photinia-pyrifolia-red-chokeberry-1-pot
Aronia melanocarpa,BLACK CHOKEBERRY,Link: Missouri Botanical Garden,✔,Aronia melanocarpa 'Estland'  - Plant Finder,https://www.missouribotanicalgarden.org/PlantFinder/PlantFinderDetails.aspx?taxonid=241869
Aronia melanocarpa,BLACK CHOKEBERRY,Link: Wildflower.org,❌,403 Forbidden,https://www.wildflower.org/plants/result.php?id_plant=ARME6
Aronia melanocarpa,BLACK CHOKEBERRY,Link: Pleasantrunnursery.com,❌,403 Forbidden,https://www.pleasantrunnursery.com/plant-name/Aronia-melanocarpa-Ground-Hug
Aronia melanocarpa,BLACK CHOKEBERRY,Link: Newmoonnursery.com,❌ MISSING,,
Aronia melanocarpa,BLACK CHOKEBERRY,Link: Pinelandsnursery.com,✔,Photinia melanocarpa (Black Chokeberry) #1 Pot - Native Plants,https://www.pinelandsnursery.com/photinia-melanocarpa-black-chokeberry-1-pot
Cephalanthus occidentalis,BUTTONBUSH,Link: Missouri Botanical Garden,✔,Cephalanthus occidentalis  - Plant Finder,https://www.missouribotanicalgarden.org/PlantFinder/PlantFinderDetails.aspx?kempercode=g830
Cephalanthus occidentalis,BUTTONBUSH,Link: Wildflower.org,❌,403 Forbidden,https://www.wildflower.org/plants/result.php?id_plant=ceoc2
Cephalanthus occidentalis,BUTTONBUSH,Link: Pleasantrunnursery.com,❌,403 Forbidden,https://www.pleasantrunnursery.com/plant-name/Buttonbush
Cephalanthus occidentalis,BUTTONBUSH,Link: Newmoonnursery.com,❌,[No Title],https://newmoonnursery.com/nursery-plants/cephalanthus-occidentalis/
Cephalanthus occidentalis,BUTTONBUSH,Link: Pinelandsnursery.com,✔,Cephalanthus occidentalis (Buttonbush) #1 Pot - Native Plants,https://www.pinelandsnursery.com/cephalanthus-occidentalis-buttonbush-1-pot
Clethra alnifolia,SWEET PEPPERBUSH,Link: Missouri Botanical Garden,✔,Clethra alnifolia  - Plant Finder,https://www.missouribotanicalgarden.org/PlantFinder/PlantFinderDetails.aspx?kempercode=c230
Clethra alnifolia,SWEET PEPPERBUSH,Link: Wildflower.org,❌,403 Forbidden,https://www.wildflower.org/plants/result.php?id_plant=clal3
Clethra alnifolia,SWEET PEPPERBUSH,Link: Pleasantrunnursery.com,❌,403 Forbidden,https://www.pleasantrunnursery.com/plant-name/Clethra-alnifolia-Compacta
Clethra alnifolia,SWEET PEPPERBUSH,Link: Newmoonnursery.com,❌ MISSING,,
Clethra alnifolia,SWEET PEPPERBUSH,Link: Pinelandsnursery.com,✔,Clethra alnifolia (Sweet Pepperbush) #5 Pot - Native Plants,https://www.pinelandsnursery.com/clethra-alnifolia-sweet-pepperbush-5-pot
Cornus amomum,SILKY DOGWOOD,Link: Missouri Botanical Garden,✔,Cornus amomum  - Plant Finder,https://www.missouribotanicalgarden.org/PlantFinder/PlantFinderDetails.aspx?kempercode=g800
Cornus amomum,SILKY DOGWOOD,Link: Wildflower.org,❌,403 Forbidden,https://www.wildflower.org/plants/result.php?id_plant=COOB9
Cornus amomum,SILKY DOGWOOD,Link: Pleasantrunnursery.com,❌,403 Forbidden,https://www.pleasantrunnursery.com/plant-name/Cornus-amomum
Cornus amomum,SILKY DOGWOOD,Link: Newmoonnursery.com,❌ MISSING,,
Cornus amomum,SILKY DOGWOOD,Link: Pinelandsnursery.com,✔,Cornus amomum (Silky Dogwood) #1 Pot - Native Plants,https://www.pinelandsnursery.com/cornus-amomum-silky-dogwood-1-pot
Cornus racemosa,GRAYSTEM DOGWOOD,Link: Missouri Botanical Garden,✔,Cornus racemosa  - Plant Finder,https://www.missouribotanicalgarden.org/PlantFinder/PlantFinderDetails.aspx?kempercode=j930
Cornus racemosa,GRAYSTEM DOGWOOD,Link: Wildflower.org,❌,403 Forbidden,https://www.wildflower.org/plants/result.php?id_plant=cora6
Cornus racemosa,GRAYSTEM DOGWOOD,Link: Pleasantrunnursery.com,❌,403 Forbidden,https://www.pleasantrunnursery.com/plant-name/Cornus-racemosa
Cornus racemosa,GRAYSTEM DOGWOOD,Link: Newmoonnursery.com,❌ MISSING,,
Cornus racemosa,GRAYSTEM DOGWOOD,Link: Pinelandsnursery.com,✔,Cornus racemosa (Gray Dogwood) #1 Pot - Native Plants,https://www.pinelandsnursery.com/cornus-racemosa-gray-dogwood-1-pot
Cornus sericea,RED-TWIG DOGWOOD,Link: Missouri Botanical Garden,✔,Cornus sericea  - Plant Finder,https://www.missouribotanicalgarden.org/PlantFinder/PlantFinderDetails.aspx?taxonid=279363
Cornus sericea,RED-TWIG DOGWOOD,Link: Wildflower.org,❌,403 Forbidden,https://www.wildflower.org/plants/result.php?id_plant=cose16
Cornus sericea,RED-TWIG DOGWOOD,Link: Pleasantrunnursery.com,❌,403 Forbidden,https://www.pleasantrunnursery.com/plant-name/Cornus-sericea-Arctic-Fire-Red
Cornus sericea,RED-TWIG DOGWOOD,Link: Newmoonnursery.com,❌ MISSING,,
Cornus sericea,RED-TWIG DOGWOOD,Link: Pinelandsnursery.com,✔,Cornus sericea (Redosier Dogwood) #1 Pot - Native Plants,https://www.pinelandsnursery.com/cornus-sericea-redosier-dogwood-1-pot
Hamamelis Virginiana,WITCHHAZEL,Link: Missouri Botanical Garden,✔,Hamamelis virginiana  - Plant Finder,https://www.missouribotanicalgarden.org/PlantFinder/PlantFinderDetails.aspx?taxonid=281023
Hamamelis Virginiana,WITCHHAZEL,Link: Wildflower.org,❌,403 Forbidden,https://www.wildflower.org/plants/result.php?id_plant=HAVI4
Hamamelis Virginiana,WITCHHAZEL,Link: Pleasantrunnursery.com,❌,403 Forbidden,https://www.pleasantrunnursery.com/plant-name/Hamamelis-virginiana
Hamamelis Virginiana,WITCHHAZEL,Link: Newmoonnursery.com,❌ MISSING,,
Hamamelis Virginiana,WITCHHAZEL,Link: Pinelandsnursery.com,✔,Hamamelis virginiana (American Witch-Hazel) #1 Pot - Native Plants,https://www.pinelandsnursery.com/hamamelis-virginiana-american-witch-hazel-1-pot
Hydrangea quercifolia,OAKLEAF HYDRANGEA,Link: Missouri Botanical Garden,✔,Hydrangea quercifolia  - Plant Finder,https://www.missouribotanicalgarden.org/PlantFinder/PlantFinderDetails.aspx?kempercode=d380
Hydrangea quercifolia,OAKLEAF HYDRANGEA,Link: Wildflower.org,❌,403 Forbidden,https://www.wildflower.org/plants/result.php?id_plant=HYQU3
Hydrangea quercifolia,OAKLEAF HYDRANGEA,Link: Pleasantrunnursery.com,❌,403 Forbidden,https://www.pleasantrunnursery.com/plant-name/Hydrangea-quercifolia-Gatsby-Moon
Hydrangea quercifolia,OAKLEAF HYDRANGEA,Link: Newmoonnursery.com,❌ MISSING,,
Hydrangea quercifolia,OAKLEAF HYDRANGEA,Link: Pinelandsnursery.com,✔,"Search ""Hydrangea quercifolia"" - Pinelands Nursery",https://www.pinelandsnursery.com/search?query=Hydrangea+quercifolia
Ilex glabra,INKBERRY,Link: Missouri Botanical Garden,✔,Ilex glabra  - Plant Finder,https://www.missouribotanicalgarden.org/PlantFinder/PlantFinderDetails.aspx?kempercode=d553
Ilex glabra,INKBERRY,Link: Wildflower.org,❌,403 Forbidden,https://www.wildflower.org/plants/result.php?id_plant=ilgl
Ilex glabra,INKBERRY,Link: Pleasantrunnursery.com,❌,403 Forbidden,https://www.pleasantrunnursery.com/plant-name/Ilex-glabra-Compacta
Ilex glabra,INKBERRY,Link: Newmoonnursery.com,❌ MISSING,,
Ilex glabra,INKBERRY,Link: Pinelandsnursery.com,✔,Ilex glabra (Inkberry Holly) #1 Pot - Native Plants,https://www.pinelandsnursery.com/ilex-glabra-inkberry-holly-1-pot
Ilex verticillata,COMMON WINTERBERRY,Link: Missouri Botanical Garden,✔,Ilex verticillata 'Winter Red'  - Plant Finder,https://www.missouribotanicalgarden.org/PlantFinder/PlantFinderDetails.aspx?kempercode=a655
Ilex verticillata,COMMON WINTERBERRY,Link: Wildflower.org,❌,403 Forbidden,https://www.wildflower.org/plants/result.php?id_plant=Ilve
Ilex verticillata,COMMON WINTERBERRY,Link: Pleasantrunnursery.com,❌,403 Forbidden,https://www.pleasantrunnursery.com/plant-name/Ilex-verticillata-Jim-Dandy
Ilex verticillata,COMMON WINTERBERRY,Link: Newmoonnursery.com,❌ MISSING,,
Ilex verticillata,COMMON WINTERBERRY,Link: Pinelandsnursery.com,✔,Ilex verticillata (Winterberry Holly) #1 Pot - Native Plants,https://www.pinelandsnursery.com/ilex-verticillata-winterberry-holly-1-pot
Itea virginica,VIRGINIA SWEETSPIRE,Link: Missouri Botanical Garden,✔,Itea virginica  - Plant Finder,https://www.missouribotanicalgarden.org/PlantFinder/PlantFinderDetails.aspx?kempercode=k720
Itea virginica,VIRGINIA SWEETSPIRE,Link: Wildflower.org,❌,403 Forbidden,https://www.wildflower.org/plants/result.php?id_plant=ITVI
Itea virginica,VIRGINIA SWEETSPIRE,Link: Pleasantrunnursery.com,❌,403 Forbidden,https://www.pleasantrunnursery.com/plant-name/Itea-virginica-Fizzy-Mizzy
Itea virginica,VIRGINIA SWEETSPIRE,Link: Newmoonnursery.com,❌ MISSING,,
Itea virginica,VIRGINIA SWEETSPIRE,Link: Pinelandsnursery.com,✔,Itea virginica,https://www.pinelandsnursery.com/itea-virginica-virginia-sweetspire-1-pot
Kalmia latifolia,MOUNTAIN LAUREL,Link: Missouri Botanical Garden,✔,Kalmia latifolia  - Plant Finder,https://www.missouribotanicalgarden.org/PlantFinder/PlantFinderDetails.aspx?kempercode=c798
Kalmia latifolia,MOUNTAIN LAUREL,Link: Wildflower.org,❌,403 Forbidden,https://www.wildflower.org/plants/result.php?id_plant=KALA
Kalmia latifolia,MOUNTAIN LAUREL,Link: Pleasantrunnursery.com,❌,403 Forbidden,https://www.pleasantrunnursery.com/plant-name/Bullseye_Mountain_Laurel
Kalmia latifolia,MOUNTAIN LAUREL,Link: Newmoonnursery.com,❌,[No Title],https://newmoonnursery.com/nursery-plants/phlox-carolina/
Kalmia latifolia,MOUNTAIN LAUREL,Link: Pinelandsnursery.com,❌,Spiraea latifolia (Meadowsweet) #1 Pot - Native Plants,https://www.pinelandsnursery.com/spiraea-latifolia-meadowsweet-1-pot
Leucothoe racemosa,FETTERBUSH,Link: Missouri Botanical Garden,❌,Eubotrys racemosa  - Plant Finder,https://www.missouribotanicalgarden.org/PlantFinder/PlantFinderDetails.aspx?taxonid=446191
Leucothoe racemosa,FETTERBUSH,Link: Wildflower.org,❌,403 Forbidden,https://www.wildflower.org/plants/result.php?id_plant=LYLU3
Leucothoe racemosa,FETTERBUSH,Link: Pleasantrunnursery.com,❌,403 Forbidden,https://www.pleasantrunnursery.com/plant-name/Actaea-racemosa
Leucothoe racemosa,FETTERBUSH,Link: Newmoonnursery.com,❌ MISSING,,
Leucothoe racemosa,FETTERBUSH,Link: Pinelandsnursery.com,❌,Cornus racemosa (Gray Dogwood) #1 Pot - Native Plants,https://www.pinelandsnursery.com/cornus-racemosa-gray-dogwood-1-pot
Lindera benzoin,SPICEBUSH,Link: Missouri Botanical Garden,✔,Lindera benzoin  - Plant Finder,https://www.missouribotanicalgarden.org/PlantFinder/PlantFinderDetails.aspx?kempercode=d890
Lindera benzoin,SPICEBUSH,Link: Wildflower.org,❌,403 Forbidden,https://www.wildflower.org/plants/result.php?id_plant=libe3
Lindera benzoin,SPICEBUSH,Link: Pleasantrunnursery.com,✔,"""Lindera benzoin"" site:pleasantrunnursery.com - Search",https://www.bing.com/search?q=%22Lindera+benzoin%22+site%3Apleasantrunnursery.com&rdr=1&rdrig=5E52F458C86D4464921E8876D1979C9B#
Lindera benzoin,SPICEBUSH,Link: Newmoonnursery.com,✔,"""Lindera benzoin"" site:newmoonnursery.com - Search",https://www.bing.com/search?q=%22Lindera+benzoin%22+site%3Anewmoonnursery.com&rdr=1&rdrig=FAC69C5E762E402B94937EC9311CE956#
Lindera benzoin,SPICEBUSH,Link: Pinelandsnursery.com,✔,"""Lindera benzoin"" site:pinelandsnursery.com - Search",https://www.bing.com/search?q=%22Lindera+benzoin%22+site%3Apinelandsnursery.com&rdr=1&rdrig=5210A36611794517A9D6B5B3B2C909EE#
Myrica pensylvanica,NORTHERN BAYBERRY,Link: Missouri Botanical Garden,✔,Myrica pensylvanica 'Morton'  - Plant Finder,https://www.missouribotanicalgarden.org/PlantFinder/PlantFinderDetails.aspx?taxonid=256525
Myrica pensylvanica,NORTHERN BAYBERRY,Link: Wildflower.org,❌,403 Forbidden,https://www.wildflower.org/plants/result.php?id_plant=mope6
Myrica pensylvanica,NORTHERN BAYBERRY,Link: Pleasantrunnursery.com,❌,403 Forbidden,https://www.pleasantrunnursery.com/plant-name/Myrica-pensylvanica
Myrica pensylvanica,NORTHERN BAYBERRY,Link: Newmoonnursery.com,❌ MISSING,,
Myrica pensylvanica,NORTHERN BAYBERRY,Link: Pinelandsnursery.com,✔,Morella pensylvanica (Northern Bayberry) #1 Pot - Native Plants,https://www.pinelandsnursery.com/morella-pensylvanica-northern-bayberry-1-pot
Rhododendron viscosum,SWAMP AZALEA,Link: Missouri Botanical Garden,✔,Rhododendron viscosum  - Plant Finder,https://www.missouribotanicalgarden.org/PlantFinder/PlantFinderDetails.aspx?taxonid=280018
Rhododendron viscosum,SWAMP AZALEA,Link: Wildflower.org,❌,403 Forbidden,https://www.wildflower.org/plants/result.php?id_plant=rhvi2
Rhododendron viscosum,SWAMP AZALEA,Link: Pleasantrunnursery.com,❌,403 Forbidden,https://www.pleasantrunnursery.com/plant-name/Rhododendron-atlanticum-Fragrant-Star
Rhododendron viscosum,SWAMP AZALEA,Link: Newmoonnursery.com,❌ MISSING,,
Rhododendron viscosum,SWAMP AZALEA,Link: Pinelandsnursery.com,✔,Rhododendron viscosum (Swamp Azalea) #5 - Native Plants,https://www.pinelandsnursery.com/rhododendron-viscosum-swamp-azalea-5
Rhus aromatica,FRAGRANT SUMAC,Link: Missouri Botanical Garden,✔,Rhus aromatica  - Plant Finder,https://www.missouribotanicalgarden.org/plantfinder/PlantFinderDetails.aspx?taxonid=275952
Rhus aromatica,FRAGRANT SUMAC,Link: Wildflower.org,❌,403 Forbidden,https://www.wildflower.org/plants/result.php?id_plant=rhar4
Rhus aromatica,FRAGRANT SUMAC,Link: Pleasantrunnursery.com,❌,403 Forbidden,https://www.pleasantrunnursery.com/plant-name/Rhus-aromatica
Rhus aromatica,FRAGRANT SUMAC,Link: Newmoonnursery.com,❌ MISSING,,
Rhus aromatica,FRAGRANT SUMAC,Link: Pinelandsnursery.com,✔,Rhus aromatica (Fragrant Sumac) #2 Pot - Native Plants,https://www.pinelandsnursery.com/rhus-aromatica
Rosa carolina,CAROLINA ROSE,Link: Missouri Botanical Garden,✔,Rosa carolina  - Plant Finder,https://www.missouribotanicalgarden.org/PlantFinder/PlantFinderDetails.aspx?kempercode=f370
Rosa carolina,CAROLINA ROSE,Link: Wildflower.org,❌,403 Forbidden,https://www.wildflower.org/plants/result.php?id_plant=robl
Rosa carolina,CAROLINA ROSE,Link: Pleasantrunnursery.com,❌,403 Forbidden,https://www.pleasantrunnursery.com/plant-name/Rosa-carolina
Rosa carolina,CAROLINA ROSE,Link: Newmoonnursery.com,❌,[No Title],https://newmoonnursery.com/nursery-plants/liatris-microcephala/
Rosa carolina,CAROLINA ROSE,Link: Pinelandsnursery.com,✔,Rosa carolina (Carolina Rose) #1 Pot - Native Plants,https://www.pinelandsnursery.com/rosa-carolina-carolina-rose-1-pot
Sambucus canadensis,ELDERBERRY,Link: Missouri Botanical Garden,✔,Sambucus canadensis  - Plant Finder,https://www.missouribotanicalgarden.org/PlantFinder/PlantFinderDetails.aspx?kempercode=f470
Sambucus canadensis,ELDERBERRY,Link: Wildflower.org,❌,403 Forbidden,https://www.wildflower.org/plants/result.php?id_plant=sanic4
Sambucus canadensis,ELDERBERRY,Link: Pleasantrunnursery.com,❌,403 Forbidden,https://www.pleasantrunnursery.com/plant-name/Sambucus-canadensis-Adams
Sambucus canadensis,ELDERBERRY,Link: Newmoonnursery.com,❌ MISSING,,
Sambucus canadensis,ELDERBERRY,Link: Pinelandsnursery.com,✔,Sambucus canadensis (Black Elderberry) #1 Pot - Native Plants,https://www.pinelandsnursery.com/sambucus-canadensis-black-elderberry-1-pot
Spiraea latifolia,MEADOWSWEET,Link: Missouri Botanical Garden,❌,Spiraea alba  - Plant Finder,https://www.missouribotanicalgarden.org/PlantFinder/PlantFinderDetails.aspx?taxonid=286372
Spiraea latifolia,MEADOWSWEET,Link: Wildflower.org,❌,403 Forbidden,https://www.wildflower.org/plants/result.php?id_plant=SPALL
Spiraea latifolia,MEADOWSWEET,Link: Pleasantrunnursery.com,❌,403 Forbidden,https://www.pleasantrunnursery.com/plant-name/Bullseye_Mountain_Laurel
Spiraea latifolia,MEADOWSWEET,Link: Newmoonnursery.com,❌ MISSING,,
Spiraea latifolia,MEADOWSWEET,Link: Pinelandsnursery.com,✔,Spiraea latifolia (Meadowsweet) #1 Pot - Native Plants,https://www.pinelandsnursery.com/spiraea-latifolia-meadowsweet-1-pot
Spiraea tomentosa,STEEPLEBUSH,Link: Missouri Botanical Garden,✔,Spiraea tomentosa  - Plant Finder,https://www.missouribotanicalgarden.org/PlantFinder/PlantFinderDetails.aspx?kempercode=e412
Spiraea tomentosa,STEEPLEBUSH,Link: Wildflower.org,❌,403 Forbidden,https://www.wildflower.org/plants/result.php?id_plant=spto2
Spiraea tomentosa,STEEPLEBUSH,Link: Pleasantrunnursery.com,❌,403 Forbidden,https://www.pleasantrunnursery.com/plant-name/Spiraea-tomentosa
Spiraea tomentosa,STEEPLEBUSH,Link: Newmoonnursery.com,❌ MISSING,,
Spiraea tomentosa,STEEPLEBUSH,Link: Pinelandsnursery.com,✔,Spiraea tomentosa (Steeplebush) #1 Pot - Native Plants,https://www.pinelandsnursery.com/spiraea-tomentosa-steeplebush-1-pot
Vaccinium corymbosum,HIGHBUSH BLUEBERRY,Link: Missouri Botanical Garden,✔,Vaccinium corymbosum  - Plant Finder,https://www.missouribotanicalgarden.org/PlantFinder/PlantFinderDetails.aspx?taxonid=279992
Vaccinium corymbosum,HIGHBUSH BLUEBERRY,Link: Wildflower.org,❌,403 Forbidden,https://www.wildflower.org/plants/result.php?id_plant=vaco
Vaccinium corymbosum,HIGHBUSH BLUEBERRY,Link: Pleasantrunnursery.com,❌,403 Forbidden,https://www.pleasantrunnursery.com/plant-name/Vaccinium_corymbosum_Blue_Jay
Vaccinium corymbosum,HIGHBUSH BLUEBERRY,Link: Newmoonnursery.com,❌ MISSING,,
Vaccinium corymbosum,HIGHBUSH BLUEBERRY,Link: Pinelandsnursery.com,✔,Vaccinium corymbosum (Highbush Blueberry) #5 Pot - Native Plants,https://www.pinelandsnursery.com/vaccinium-corymbosum-highbush-blueberry-5-pot
Viburnum acerifolium,MAPLELEAF VIBURNUM,Link: Missouri Botanical Garden,✔,Viburnum acerifolium  - Plant Finder,https://www.missouribotanicalgarden.org/PlantFinder/PlantFinderDetails.aspx?kempercode=a192
Viburnum acerifolium,MAPLELEAF VIBURNUM,Link: Wildflower.org,❌,403 Forbidden,https://www.wildflower.org/plants/result.php?id_plant=VIAC
Viburnum acerifolium,MAPLELEAF VIBURNUM,Link: Pleasantrunnursery.com,❌,403 Forbidden,https://www.pleasantrunnursery.com/plant-name/Viburnum-acerifolium
Viburnum acerifolium,MAPLELEAF VIBURNUM,Link: Newmoonnursery.com,❌ MISSING,,
Viburnum acerifolium,MAPLELEAF VIBURNUM,Link: Pinelandsnursery.com,❌,Viburnum lentago (Nannyberry) #2 Pot - Native Plants,https://www.pinelandsnursery.com/viburnum-lentago-nannyberry-2-pot
Viburnum dentatum,ARROWWOOD VIBURNUM,Link: Missouri Botanical Garden,✔,Viburnum dentatum  - Plant Finder,https://www.missouribotanicalgarden.org/PlantFinder/PlantFinderDetails.aspx?kempercode=m720
Viburnum dentatum,ARROWWOOD VIBURNUM,Link: Wildflower.org,❌,403 Forbidden,https://www.wildflower.org/plants/result.php?id_plant=vide
Viburnum dentatum,ARROWWOOD VIBURNUM,Link: Pleasantrunnursery.com,❌,403 Forbidden,https://www.pleasantrunnursery.com/plant-name/Viburnum-dentatum-Blue-Muffin
Viburnum dentatum,ARROWWOOD VIBURNUM,Link: Newmoonnursery.com,❌ MISSING,,
Viburnum dentatum,ARROWWOOD VIBURNUM,Link: Pinelandsnursery.com,✔,Viburnum dentatum (Arrowwood Viburnum) #1 Pot - Native Plants,https://www.pinelandsnursery.com/viburnum-dentatum-arrowwood-viburnum-1-pot
Viburnum lentago,NANNYBERRY,Link: Missouri Botanical Garden,✔,Viburnum lentago  - Plant Finder,https://www.missouribotanicalgarden.org/PlantFinder/PlantFinderDetails.aspx?kempercode=m750
Viburnum lentago,NANNYBERRY,Link: Wildflower.org,❌,403 Forbidden,https://www.wildflower.org/plants/result.php?id_plant=phno2
Viburnum lentago,NANNYBERRY,Link: Pleasantrunnursery.com,❌,403 Forbidden,https://www.pleasantrunnursery.com/plant-name/Viburnum-acerifolium
Viburnum lentago,NANNYBERRY,Link: Newmoonnursery.com,❌ MISSING,,
Viburnum lentago,NANNYBERRY,Link: Pinelandsnursery.com,✔,Viburnum lentago (Nannyberry) #2 Pot - Native Plants,https://www.pinelandsnursery.com/viburnum-lentago-nannyberry-2-pot
Viburnum nudum,POSSUMHAW VIRBURNUM,Link: Missouri Botanical Garden,✔,Viburnum nudum  - Plant Finder,https://www.missouribotanicalgarden.org/PlantFinder/PlantFinderDetails.aspx?taxonid=278959
Viburnum nudum,POSSUMHAW VIRBURNUM,Link: Wildflower.org,❌,403 Forbidden,https://www.wildflower.org/plants/result.php?id_plant=VINU
Viburnum nudum,POSSUMHAW VIRBURNUM,Link: Pleasantrunnursery.com,❌,403 Forbidden,https://www.pleasantrunnursery.com/plant-name/Viburnum-nudum-Brandywine
Viburnum nudum,POSSUMHAW VIRBURNUM,Link: Newmoonnursery.com,❌ MISSING,,
Viburnum nudum,POSSUMHAW VIRBURNUM,Link: Pinelandsnursery.com,✔,Viburnum nudum (Possumhaw) 32 ct. Tubeling - Native Plants,https://www.pinelandsnursery.com/viburnum-nudum-possumhaw-tubeling
Viburnum trilobum,CRANBERRY VIBURNUM,Link: Missouri Botanical Garden,❌,Viburnum opulus var. americanum  - Plant Finder,https://www.missouribotanicalgarden.org/PlantFinder/PlantFinderDetails.aspx?kempercode=c365
Viburnum trilobum,CRANBERRY VIBURNUM,Link: Wildflower.org,❌,403 Forbidden,https://www.wildflower.org/plants/result.php?id_plant=vide
Viburnum trilobum,CRANBERRY VIBURNUM,Link: Pleasantrunnursery.com,❌,403 Forbidden,https://www.pleasantrunnursery.com/plant-name/Viburnum-trilobum-Bailey-Compact
Viburnum trilobum,CRANBERRY VIBURNUM,Link: Newmoonnursery.com,❌ MISSING,,
Viburnum trilobum,CRANBERRY VIBURNUM,Link: Pinelandsnursery.com,✔,Viburnum trilobum (Cranberry Viburnum) #1 Pot - Native Plants,https://www.pinelandsnursery.com/viburnum-trilobum-cranberry-viburnum-1-pot
Amelanchier canadensis,SERVICEBERRY,Link: Missouri Botanical Garden,❌,Amelanchier obovalis  - Plant Finder,https://www.missouribotanicalgarden.org/PlantFinder/PlantFinderDetails.aspx?taxonid=358428
Amelanchier canadensis,SERVICEBERRY,Link: Wildflower.org,❌,403 Forbidden,https://www.wildflower.org/plants/result.php?id_plant=amca4
Amelanchier canadensis,SERVICEBERRY,Link: Pleasantrunnursery.com,❌,403 Forbidden,https://www.pleasantrunnursery.com/plant-name/Amelanchier-canadensis
Amelanchier canadensis,SERVICEBERRY,Link: Newmoonnursery.com,❌ MISSING,,
Amelanchier canadensis,SERVICEBERRY,Link: Pinelandsnursery.com,✔,serviceberry,https://www.pinelandsnursery.com/amelanchier-canadensis-shadbush-5-pot
Asimina triloba,COMMON PAWPAW,Link: Missouri Botanical Garden,✔,Asimina triloba  - Plant Finder,https://www.missouribotanicalgarden.org/PlantFinder/PlantFinderDetails.aspx?kempercode=b500
Asimina triloba,COMMON PAWPAW,Link: Wildflower.org,❌,403 Forbidden,https://www.wildflower.org/plants/result.php?id_plant=astr
Asimina triloba,COMMON PAWPAW,Link: Pleasantrunnursery.com,❌,403 Forbidden,https://www.pleasantrunnursery.com/plant-name/Asimina-triloba-
Asimina triloba,COMMON PAWPAW,Link: Newmoonnursery.com,❌ MISSING,,
Asimina triloba,COMMON PAWPAW,Link: Pinelandsnursery.com,✔,Asimina triloba (Pawpaw) #2 Pot - Native Plants,https://www.pinelandsnursery.com/asimina-triloba-pawpaw-2-pot
Betula nigra,RIVER BIRCH,Link: Missouri Botanical Garden,✔,Betula nigra 'BNMTF' DURA-HEAT  - Plant Finder,https://www.missouribotanicalgarden.org/PlantFinder/PlantFinderDetails.aspx?kempercode=c585
Betula nigra,RIVER BIRCH,Link: Wildflower.org,❌,403 Forbidden,https://www.wildflower.org/plants/result.php?id_plant=beni
Betula nigra,RIVER BIRCH,Link: Pleasantrunnursery.com,❌,403 Forbidden,https://www.pleasantrunnursery.com/plant-name/Betula-nigra-Dura-Heat
Betula nigra,RIVER BIRCH,Link: Newmoonnursery.com,❌ MISSING,,
Betula nigra,RIVER BIRCH,Link: Pinelandsnursery.com,✔,Betula nigra (River Birch) ) #2 Pot - Native Plants,https://www.pinelandsnursery.com/betula-nigra-river-birch-2pot
Cercis canadensis,EASTERN REDBUD,Link: Missouri Botanical Garden,✔,Cercis canadensis  - Plant Finder,https://www.missouribotanicalgarden.org/PlantFinder/PlantFinderDetails.aspx?kempercode=h550
Cercis canadensis,EASTERN REDBUD,Link: Wildflower.org,❌,403 Forbidden,https://www.wildflower.org/plants/result.php?id_plant=ceca4
Cercis canadensis,EASTERN REDBUD,Link: Pleasantrunnursery.com,❌,403 Forbidden,https://www.pleasantrunnursery.com/plant-name/Cercis-canadensis
Cercis canadensis,EASTERN REDBUD,Link: Newmoonnursery.com,❌ MISSING,,
Cercis canadensis,EASTERN REDBUD,Link: Pinelandsnursery.com,✔,Cercis canadensis (Eastern Redbud) #2 Pot - Native Plants,https://www.pinelandsnursery.com/cercis-canadensis-eastern-redbud-2-pot
Cornus florida,FLOWERING DOGWOOD,Link: Missouri Botanical Garden,✔,Cornus florida  - Plant Finder,https://www.missouribotanicalgarden.org/PlantFinder/PlantFinderDetails.aspx?kempercode=c280
Cornus florida,FLOWERING DOGWOOD,Link: Wildflower.org,❌,403 Forbidden,https://www.wildflower.org/plants/result.php?id_plant=cofl2
Cornus florida,FLOWERING DOGWOOD,Link: Pleasantrunnursery.com,❌,403 Forbidden,https://www.pleasantrunnursery.com/plant-name/Cornus-florida-Appalachian-Joy
Cornus florida,FLOWERING DOGWOOD,Link: Newmoonnursery.com,❌ MISSING,,
Cornus florida,FLOWERING DOGWOOD,Link: Pinelandsnursery.com,✔,Cornus florida (Flowering Dogwood) #7 Pot - Native Plants,https://www.pinelandsnursery.com/cornus-florida-flowering-dogwood-7-pot
Magnolia virginiana,SWEETBAY MAGNOLIA,Link: Missouri Botanical Garden,✔,Magnolia virginiana  - Plant Finder,https://www.missouribotanicalgarden.org/PlantFinder/PlantFinderDetails.aspx?kempercode=e110
Magnolia virginiana,SWEETBAY MAGNOLIA,Link: Wildflower.org,❌,403 Forbidden,https://www.wildflower.org/plants/result.php?id_plant=mavi2
Magnolia virginiana,SWEETBAY MAGNOLIA,Link: Pleasantrunnursery.com,❌,403 Forbidden,https://www.pleasantrunnursery.com/plant-name/Magnolia-virginiana
Magnolia virginiana,SWEETBAY MAGNOLIA,Link: Newmoonnursery.com,❌ MISSING,,
Magnolia virginiana,SWEETBAY MAGNOLIA,Link: Pinelandsnursery.com,✔,Magnolia virginiana (Sweetbay Magnolia) #2 Pot - Native Plants,https://www.pinelandsnursery.com/magnolia-virginiana-sweetbay-magnolia-2-pot
