Plant Type,Key,Botanical Name,Common Name,Height (ft),Spread (ft),Bloom Color,Bloom Time,Sun,Water,Tolerates,Maintenance,Native Habitats,Wildlife Benefits,Distribution Zone,AGCP Regional Status,Link: Missouri Botanical Garden,Link: Wildflower.org,Link: Pleasantrunnursery.com,Link: Newmoonnursery.com,Link: Pinelandsnursery.com
"Herbaceous, Perennial",AT,Amsonia tabernaemontana,Eastern blue star,1 - 1.50,0.75 - 1,"Blue, Purple","Mar, Apr, May","Full Sun, Part Shade",Medium,"Deer, Drought, Clay Soil",Low,"Wet, sandy  sites, thin  woods, plains",,USDA Hardiness Zone 4 to 9,,https://www.missouribotanicalgarden.org/PlantFinder/PlantFinderDetails.aspx?kempercode=t930,https://www.wildflower.org/plants/result.php?id_plant=amta2,https://www.pleasantrunnursery.com/plant-name/Amsonia-tabernaemontana-Storm-Cloud,https://newmoonnursery.com/nursery-plants/amsonia-tabernaemontana-v-montana/,https://www.pinelandsnursery.com/amsonia-hubrichtii
"Herbaceous, Perennial",AC,Aquilegia canadensis,Red columbine,2 - 3,1 - 1.50,"Red, Pink, Yellow","Feb, Mar, Apr, May, Jun, Jul","Full Sun, Part Shade",Medium,"Rabbit, Deer, Drought, Dry Soil",Medium,"Partly  shaded, solution, shade",Hummingbirds,USDA Hardiness Zone 3 to 8,,https://www.missouribotanicalgarden.org/PlantFinder/PlantFinderDetails.aspx?kempercode=b400,https://www.wildflower.org/plants/result.php?id_plant=aqca,https://www.pleasantrunnursery.com/plant-name/Aquilegia-canadensis,https://newmoonnursery.com/nursery-plants/aquilegia-canadensis/,https://www.pinelandsnursery.com/aquilegia-canadensis-red-columbine-seed
"Herbaceous, Perennial",AT1,Arisaema triphyllum,Jack-in-the-pulpit,1 - 2,1 - 1.50,"Green, Purple, Brown","Mar, Apr, May, Jun","Part Shade, Full Shade","Medium, Wet","Heavy Shade, Wet Soil, Black Walnut",Medium,"Forest, Woodland, Swamp, Marsh",,USDA Hardiness Zone 4 to 9,,https://www.missouribotanicalgarden.org/PlantFinder/PlantFinderDetails.aspx?taxonid=276310,https://www.wildflower.org/plants/result.php?id_plant=artr,https://www.pleasantrunnursery.com/plant-name/Brunnera-macrophylla-Jack-Frost,,https://www.pinelandsnursery.com/search?query=Arisaema+triphyllum
"Herbaceous, Perennial",AI,Asclepias incarnata,Swamp Milkweed,3 - 4,2 - 3,"Pink, Purple","Jun, Jul, Aug, Sep, Oct",Full Sun,"Medium, Wet","Deer, Clay Soil, Wet Soil",Low,"Wet  Meadow, Prairie, Field, Riparian, Swamp, Marsh, the  margins, flooded  plains, lakes, ponds, waterways, marshes, swamps","Hummingbirds, Butterflies",USDA Hardiness Zone 3 to 6,,https://www.missouribotanicalgarden.org/PlantFinder/PlantFinderDetails.aspx?kempercode=g410,https://www.wildflower.org/plants/result.php?id_plant=asin,https://www.pleasantrunnursery.com/plant-name/Asclepias-incarnata,https://newmoonnursery.com/nursery-plants/asclepias-incarnata-ice-ballet/,https://www.pinelandsnursery.com/asclepias-incarnata-pulchra-seed
"Herbaceous, Perennial",AS,Asclepias syriaca,Common Milkweed,2 - 3,0.75 - 1,"White, Purple","Jun, Jul, Aug",Full Sun,"Dry, Medium","Deer, Drought, Erosion, Dry Soil, Shallow-Rocky Soil",Low,"Old  fields, roadsides, waste  places",Butterflies,USDA Hardiness Zone 3 to 9,,https://www.missouribotanicalgarden.org/PlantFinder/PlantFinderDetails.aspx?kempercode=b480,https://www.wildflower.org/plants/result.php?id_plant=ASSY,https://www.pleasantrunnursery.com/plant-name/Asclepias-syriaca,https://newmoonnursery.com/nursery-plants/asclepias-verticillata/,https://www.pinelandsnursery.com/asclepias-syriaca
"Herbaceous, Perennial",AT2,Asclepias tuberosa,Butterfly Milkweed,1 - 2.50,1 - 1.50,"Orange, Yellow","May, Jun, Jul, Aug, Sep",Full Sun,"Dry, Medium","Deer, Drought, Erosion, Dry Soil, Shallow-Rocky Soil",Low,"Grows, prairies, open  woods, canyons, the  state, common, Texas, uncommon, Plant, well, drained  sand, loam, clay, limestone",Butterflies,USDA Hardiness Zone 3 to 9,,https://www.missouribotanicalgarden.org/PlantFinder/PlantFinderDetails.aspx?kempercode=b490,https://www.wildflower.org/plants/result.php?id_plant=astu,https://www.pleasantrunnursery.com/plant-name/Asclepias-tuberosa,https://newmoonnursery.com/nursery-plants/asclepias-tuberosa/,https://www.pinelandsnursery.com/asclepias-tuberosa-butterfly-weed-seed
"Herbaceous, Perennial",BA,Baptisia australis,Blue Wild Indigo,1.50 - 2,1.50 - 2,"Blue, Purple","Apr, May, Jun, Jul","Full Sun, Part Shade","Dry, Medium","Drought, Erosion, Clay Soil, Dry Soil, Shallow-Rocky Soil",Low,"Wood  edges, limestone  glades, prairies",Butterflies,USDA Hardiness Zone 3 to 8,,https://www.missouribotanicalgarden.org/PlantFinder/PlantFinderDetails.aspx?kempercode=y810,https://www.wildflower.org/plants/result.php?id_plant=BAAU,https://www.pleasantrunnursery.com/plant-name/Baptisia-australis,https://newmoonnursery.com/nursery-plants/baptisia-australis/,https://www.pinelandsnursery.com/baptisia-australis-blue-wild-indigo-seed
"Herbaceous, Perennial",CP,Caltha palustris,Marsh Marigold,1 - 1.50,1 - 1.50,Yellow,"Apr, May","Full Sun, Part Shade",Wet,"Deer, Wet Soil",Low,"Wet  woods, marshy  hollows, stream  edges",,USDA Hardiness Zone 3 to 7,,https://www.missouribotanicalgarden.org/PlantFinder/PlantFinderDetails.aspx?kempercode=a635,https://www.wildflower.org/plants/result.php?id_plant=capa5,https://www.pleasantrunnursery.com/plant-name/Caltha-palustris,https://newmoonnursery.com/nursery-plants/caltha-palustris/,https://www.pinelandsnursery.com/rosa-palustris-swamp-rose-15pot
"Herbaceous, Perennial",CG,Chelone glabra,Turtlehead,2 - 3,1.50 - 2.50,"White, Pink","Jul, Aug, Sep",Part Shade,"Medium, Wet","Erosion, Wet Soil",Low,"Brushy  marshes, stream  banks, Wet  ditches, low  meadows, woodlands",Butterflies,USDA Hardiness Zone 3 to 8,,https://www.missouribotanicalgarden.org/PlantFinder/PlantFinderDetails.aspx?kempercode=j780,https://www.wildflower.org/plants/result.php?id_plant=chgl2,https://www.pleasantrunnursery.com/plant-name/Chelone-glabra,https://newmoonnursery.com/nursery-plants/chelone-glabra/,https://www.pinelandsnursery.com/carya-glabra-pignut-hickory-tree-tube
"Herbaceous, Perennial",CL,Coreopsis lanceolata,Lanceleaf tickseed,1 - 2,1 - 1.50,Yellow,"Apr, May, Jun",Full Sun,"Dry, Medium","Deer, Drought, Dry Soil, Shallow-Rocky Soil",Medium,"Open  woodlands, Prairie, Plains, Meadows, Pastures, Savannas",Butterflies,USDA Hardiness Zone 4 to 9,,https://www.missouribotanicalgarden.org/PlantFinder/PlantFinderDetails.aspx?kempercode=j880,https://www.wildflower.org/plants/result.php?id_plant=cola5,https://www.pleasantrunnursery.com/plant-name/Coreopsis-lanceolata,https://newmoonnursery.com/nursery-plants/coreopsis-lanceolata/,https://www.pinelandsnursery.com/coreopsis-lanceolata-lanceleaf-tickseed-seed
"Herbaceous, Perennial",EP,Echinacea purpurea,Purple Coneflower,2 - 5,1.50 - 2,"Pink, Purple","Apr, May, Jun, Jul, Aug, Sep","Full Sun, Part Shade","Dry, Medium","Deer, Drought, Clay Soil, Dry Soil, Shallow-Rocky Soil",Low,"Well, drained  limestone, sand, clay, loam, Rocky, open  woods, thickets, prairies","Birds, Butterflies",USDA Hardiness Zone 3 to 8,,https://www.missouribotanicalgarden.org/PlantFinder/PlantFinderDetails.aspx?kempercode=c580,https://www.wildflower.org/plants/result.php?id_plant=ecpu,https://www.pleasantrunnursery.com/plant-name/Echinacea-purpurea,https://newmoonnursery.com/nursery-plants/echinacea-purpurea-white-swan/,https://www.pinelandsnursery.com/echinacea-purpurea-purple-coneflower-1-pot
"Herbaceous, Perennial",EC,Eupatorium coelestinum,Blue mistflower,1.50 - 3,1.50 - 3,"Blue, Purple","Jul, Aug, Sep, Oct, Nov","Full Sun, Part Shade",Medium,,Medium,"Wood  margins, stream  banks, low  woods, Wet  meadows, ditches",Butterflies,USDA Hardiness Zone 5 to 10,,https://www.missouribotanicalgarden.org/PlantFinder/PlantFinderDetails.aspx?kempercode=j870,https://www.wildflower.org/plants/result.php?id_plant=coco13,https://www.pleasantrunnursery.com/plant-name/Eupatorium-coelestinum,https://newmoonnursery.com/nursery-plants/eupatorium-coelestinum/,https://www.pinelandsnursery.com/conoclinium-coelestinum-blue-mistflower-2-plug
"Herbaceous, Perennial",ED,Eupatorium dubium,Little Joe Pye weed,3 - 4,1 - 3,"White, Pink, Purple","Jul, Aug, Sep, Oct","Full Sun, Part Shade","Medium, Wet","Deer, Clay Soil, Wet Soil",Low,"moist, swamps, bogs, marshes, swales",Butterflies,USDA Hardiness Zone 3 to 9,,https://www.missouribotanicalgarden.org/PlantFinder/PlantFinderDetails.aspx?kempercode=b781,https://www.wildflower.org/plants/result.php?id_plant=EUDU6,https://www.pleasantrunnursery.com/plant-name/Eupatorium-dubium-Baby-Joe,https://newmoonnursery.com/nursery-plants/eupatorium-dubium/,https://www.pinelandsnursery.com/eupatorium-perfoliatum-boneset-seed
"Herbaceous, Perennial",EM,Eupatorium maculatum,Spotted Joe Pye weed,4 - 5,1.50 - 2,"Pink, Purple","Jul, Aug, Sep",Full Sun,"Medium, Wet","Deer, Clay Soil, Wet Soil",Low,"Moist  prairies, wood  edges, wooded  slopes",Butterflies,USDA Hardiness Zone 4 to 8,,https://www.missouribotanicalgarden.org/PlantFinder/PlantFinderDetails.aspx?taxonid=302488,https://www.wildflower.org/plants/result.php?id_plant=eupu21,https://www.pleasantrunnursery.com/plant-name/Eupatorium-maculatum-Gateway,https://newmoonnursery.com/nursery-plants/eupatorium-maculatum/,https://www.pinelandsnursery.com/eupatorium-perfoliatum-boneset-seed
"Herbaceous, Perennial",EP1,Eupatorium perfoliatum,Common boneset,4 - 6,3 - 4,White,"Jun, Jul, Aug, Sep, Oct","Full Sun, Part Shade","Medium, Wet","Deer, Clay Soil, Wet Soil",Low,"Damp  prairies, alluvial  woods, bogs",Butterflies,USDA Hardiness Zone 3 to 8,,https://www.missouribotanicalgarden.org/PlantFinder/PlantFinderDetails.aspx?taxonid=277187,https://www.wildflower.org/plants/result.php?id_plant=eupe3,https://www.pleasantrunnursery.com/plant-name/Eupatorium-perfoliatum,https://newmoonnursery.com/nursery-plants/eupatorium-perfoliatum/,https://www.pinelandsnursery.com/eupatorium-perfoliatum-boneset-seed
"Herbaceous, Perennial",EP2,Eupatorium purpureum,Joe Pye Weed,5 - 7,2 - 4,"Pink, Purple","Jul, Aug, Sep","Full Sun, Part Shade",Medium,"Deer, Clay Soil, Wet Soil",Low,"Moist  prairies, wood  edges, wooded  slopes",Butterflies,USDA Hardiness Zone 4 to 9,,https://www.missouribotanicalgarden.org/PlantFinder/PlantFinderDetails.aspx?kempercode=c740,https://www.wildflower.org/plants/result.php?id_plant=eupu21,https://www.pleasantrunnursery.com/plant-name/Eupatorium-coelestinum,https://newmoonnursery.com/nursery-plants/eupatorium-purpureum/,https://www.pinelandsnursery.com/eupatorium-perfoliatum-boneset-seed
"Herbaceous, Perennial",ED1,Eurybia divaricata,White wood aster,1 - 2.50,1.50 - 2.50,"White, Green, Brown","Aug, Sep, Oct, Nov","Part Shade, Full Shade","Dry, Medium","Drought, Heavy Shade, Dry Soil, Shallow-Rocky Soil",Low,Woodland,Butterflies,USDA Hardiness Zone 3 to 8,,https://www.missouribotanicalgarden.org/PlantFinder/PlantFinderDetails.aspx?kempercode=h170,https://www.wildflower.org/plants/result.php?id_plant=EUDI16,https://www.pleasantrunnursery.com/plant-name/Phlox-divaricata-Blue-Moon,https://newmoonnursery.com/nursery-plants/aster-divaricatus/,https://www.pinelandsnursery.com/eurybia-divaricata-white-wood-aster-seed
"Herbaceous, Perennial",HA,Helenium autumnale,Common Sneezeweed,3 - 5,2 - 3,Yellow,"Jul, Aug, Sep, Oct",Full Sun,"Medium, Wet","Deer, Clay Soil, Wet Soil",Medium,"Moist, ponds, Wet  meadows",Butterflies,USDA Hardiness Zone 3 to 8,,https://www.missouribotanicalgarden.org/plantfinder/plantfinderdetails.aspx?kempercode=c930,https://www.wildflower.org/plants/result.php?id_plant=heau,https://www.pleasantrunnursery.com/plant-name/Helenium-autumnale-Mariachi-Fuego,https://newmoonnursery.com/nursery-plants/helenium-autumnale/,https://www.pinelandsnursery.com/helenium-autumnale-sneezeweed-seed
"Herbaceous, Perennial",HH,Heliopsis helianthoides,Smooth oxeye,3 - 6,2 - 4,Yellow,"Jun, Jul, Aug, Sep",Full Sun,"Dry, Medium","Drought, Erosion, Clay Soil, Dry Soil, Shallow-Rocky Soil",Low,"Moist, Dry, open  woodlands, prairies, fields","Birds, Butterflies",USDA Hardiness Zone 3 to 9,,https://www.missouribotanicalgarden.org/PlantFinder/PlantFinderDetails.aspx?kempercode=g520,https://www.wildflower.org/plants/result.php?id_plant=HEHE5,https://www.pleasantrunnursery.com/plant-name/Heliopsis-helianthoides,https://newmoonnursery.com/nursery-plants/heliopsis-helianthoides-var-scabra-burning-hearts/,https://www.pinelandsnursery.com/heliopsis-helianthoides-false-sunflower-seed
"Herbaceous, Perennial",HM,Hibiscus moscheutos,Swamp rosemallow,3 - 7,2 - 4,"White, Pink","Jul, Aug, Sep",Full Sun,"Medium, Wet",Wet Soil,Low,"Swampy  forests, Wet  meadows, marshes",Butterflies,USDA Hardiness Zone 5 to 9,,https://www.missouribotanicalgarden.org/plantfinder/PlantFinderDetails.aspx?taxonid=282590,https://www.wildflower.org/plants/result.php?id_plant=HIMO,https://www.pleasantrunnursery.com/plant-name/Hibiscus-moscheutos,https://newmoonnursery.com/nursery-plants/hibiscus-moscheutos/,https://www.pinelandsnursery.com/hibiscus-moscheutos-swamp-rose-mallow-seed
"Herbaceous, Perennial",IV,Iris versicolor,"Blue flag, Blue water iris",2 - 2.50,2 - 2.50,"Blue, Purple","May, Jun, Jul, Aug","Full Sun, Part Shade","Medium, Wet","Deer, Wet Soil",Low,"Meadows, stream  banks, marshes, swamps",,USDA Hardiness Zone 3 to 9,,https://www.missouribotanicalgarden.org/PlantFinder/PlantFinderDetails.aspx?taxonid=281141,https://www.wildflower.org/plants/result.php?id_plant=irve2,https://www.pleasantrunnursery.com/plant-name/Iris-versicolor,https://newmoonnursery.com/nursery-plants/iris-versicolor/,https://www.pinelandsnursery.com/iris-versicolor-blue-flag-iris-1-pot
"Herbaceous, Perennial",LS,Liatris spicata,Dense blazing star,1.50 - 2.50,0.50 - 1,Purple,"Jul, Aug, Sep",Full Sun,Medium,"Drought, Clay Soil",Low,"Moist, wood  openings, mesic  prairies, marsh  edges","Birds, Hummingbirds, Butterflies",USDA Hardiness Zone 3 to 8,,https://www.missouribotanicalgarden.org/PlantFinder/PlantFinderDetails.aspx?kempercode=d790,https://www.wildflower.org/plants/result.php?id_plant=lisp,https://www.pleasantrunnursery.com/plant-name/Liatris-spicata,https://newmoonnursery.com/nursery-plants/liatris-spicata-floristan-violet/,https://www.pinelandsnursery.com/liatris-spicata-dense-blazingstar-seed
"Herbaceous, Perennial",LS1,Lilium superbum,Turk's Cap Lily,4 - 7,0.50 - 0.75,"Red, Orange, Yellow","Jul, Aug, Sep","Full Sun, Part Shade","Medium, Wet",Wet Soil,Medium,"Wet  meadows, swamps, woods",Hummingbirds,USDA Hardiness Zone 5 to 8,,https://www.missouribotanicalgarden.org/PlantFinder/PlantFinderDetails.aspx?kempercode=d880,https://www.wildflower.org/plants/result.php?id_plant=lisu,https://www.pleasantrunnursery.com/plant-name/Leucanthemum-x-superbum-Becky,,https://www.pinelandsnursery.com/search?query=Lilium+superbum
"Herbaceous, Perennial",LC,Lobelia cardinalis,Cardinal flower,2 - 4,1 - 2,Red,"May, Jun, Jul, Aug, Sep, Oct","Full Sun, Part Shade","Medium, Wet","Rabbit, Deer, Wet Soil",Low,"Ditches, Ravines, Depressions, Woodlands'  edge, Opening, Stream  banks, Roadsides, Prairie, Plains, Meadows, Pastures, Savannas, Near  lakes, ponds, Swamps","Hummingbirds, Butterflies",USDA Hardiness Zone 3 to 9,,https://www.missouribotanicalgarden.org/PlantFinder/PlantFinderDetails.aspx?kempercode=d940,https://www.wildflower.org/plants/result.php?id_plant=loca2,https://www.pleasantrunnursery.com/plant-name/Lobelia-cardinalis,https://newmoonnursery.com/nursery-plants/lobelia-cardinalis-new-moon-maroon/,https://www.pinelandsnursery.com/lobelia-cardinalis-cardinal-flower-1-pot
"Herbaceous, Perennial",LS2,Lobelia siphilitica,Blue Lobelia,2 - 3,1.50 - 2,Blue,"Jul, Aug, Sep, Oct","Full Sun, Part Shade","Medium, Wet","Deer, Wet Soil",Low,"Open, Wet  woods, stream  banks, marshes, meadows",,USDA Hardiness Zone 5 to 8,,https://www.missouribotanicalgarden.org/PlantFinder/PlantFinderDetails.aspx?taxonid=292902,https://www.wildflower.org/plants/result.php?id_plant=losi,https://www.pleasantrunnursery.com/plant-name/Lobelia-siphilitica,https://newmoonnursery.com/nursery-plants/lobelia-siphilitica/,https://www.pinelandsnursery.com/lobelia-siphilitica-blue-lobelia-1-pot
"Herbaceous, Perennial",MR,Mimulus ringens,Monkey Flower,1 - 3,0.75 - 1,"Red, Pink, Blue, Purple","Jun, Jul, Aug, Sep","Full Sun, Part Shade","Medium, Wet","Deer, Wet Soil",Low,"Wet  meadows, streambanks",,USDA Hardiness Zone 3 to 8,,https://www.missouribotanicalgarden.org/PlantFinder/PlantFinderDetails.aspx?kempercode=z410,https://www.wildflower.org/plants/result.php?id_plant=MIRI,https://www.pleasantrunnursery.com/plant-name/Mimulus-ringens,,https://www.pinelandsnursery.com/mimulus-ringens-allegehney-monkey-flower-seed
"Herbaceous, Perennial",MD,Monarda didyma,Bee-balm,2 - 3,1 - 2,Red,"May, Jun, Jul, Aug, Sep, Oct","Full Sun, Part Shade","Medium, Wet","Deer, Wet Soil",Medium,"Moist, open  woods, meadows, stream  banks, mountains, 6500  feet",Hummingbirds,USDA Hardiness Zone 4 to 9,,https://www.missouribotanicalgarden.org/PlantFinder/PlantFinderDetails.aspx?kempercode=q250,https://www.wildflower.org/plants/result.php?id_plant=MODI,https://www.pleasantrunnursery.com/plant-name/Monarda-didyma,https://newmoonnursery.com/nursery-plants/monarda-didyma-gardenview-scarlet/,https://www.pinelandsnursery.com/monarda-didyma-scarlet-beebalm-2-plug
"Herbaceous, Perennial",MF,Monarda fistulosa,Wild Bergamot ,3 - 4,2 - 3,"White, Pink, Purple","May, Jun, Jul, Aug, Sep","Full Sun, Part Shade",Medium,"Deer, Drought, Clay Soil, Dry Soil, Shallow-Rocky Soil, Black Walnut",Low,"Grows, fields, Wet  meadows, ditches, the  edges, woods, marshes, Texas, Well, loam, clay, acidic, calcareous  soils, Zones  4, 8","Hummingbirds, Butterflies",USDA Hardiness Zone 3 to 9,,https://www.missouribotanicalgarden.org/PlantFinder/PlantFinderDetails.aspx?kempercode=g560,https://www.wildflower.org/plants/result.php?id_plant=mofi,https://www.pleasantrunnursery.com/plant-name/Monarda-fistulosa,https://newmoonnursery.com/nursery-plants/monarda-fistulosa-claire-grace/,https://www.pinelandsnursery.com/monarda-fistulosa-wild-bergamot-seed
"Herbaceous, Perennial",PD,Penstemon digitalis,Foxglove Beardtongue,3 - 5,1.50 - 2,White,"May, Jun, Jul",Full Sun,"Dry, Medium","Deer, Drought, Clay Soil, Dry Soil",Medium,"Low, moist  areas, prairies, open  woodlands","Hummingbirds, Butterflies",USDA Hardiness Zone 3 to 8,,https://www.missouribotanicalgarden.org/PlantFinder/PlantFinderDetails.aspx?kempercode=g590,https://www.wildflower.org/plants/result.php?id_plant=pedi,https://www.pleasantrunnursery.com/plant-name/Penstemon-digitalis,https://newmoonnursery.com/nursery-plants/penstemon-digitalis-pocahontas/,https://www.pinelandsnursery.com/penstemon-digitalis-foxglove-beardtongue-1-pot
"Herbaceous, Perennial",PD1,Phlox divaricta,Woodland Phlox,0.75 - 1,0.75 - 1,"White, Red, Pink, Purple","Mar, Apr, May","Part Shade, Full Shade",Medium,"Deer, Drought, Clay Soil, Dry Soil",Medium,"Moist, rich","Hummingbirds, Butterflies",USDA Hardiness Zone 3 to 8,,https://www.missouribotanicalgarden.org/PlantFinder/PlantFinderDetails.aspx?kempercode=e580,https://www.wildflower.org/plants/result.php?id_plant=PHDI5,https://www.pleasantrunnursery.com/plant-name/Phlox-divaricata-Blue-Moon,https://newmoonnursery.com/nursery-plants/phlox-subulata-emerald-pink/,https://www.pinelandsnursery.com/search?query=Phlox+divaricta
"Herbaceous, Perennial",PP,Phlox paniculata,Garden Phlox,2 - 4,1.50 - 3,"Pink, Purple","Jun, Jul, Aug","Full Sun, Part Shade",Medium,"Deer, Clay Soil, Black Walnut",Medium,"Rich, open  woods, thickets, meadows, moist  roadsides","Hummingbirds, Butterflies",USDA Hardiness Zone 4 to 8,,https://www.missouribotanicalgarden.org/PlantFinder/PlantFinderDetails.aspx?kempercode=f222,https://www.wildflower.org/plants/result.php?id_plant=phpa9,https://www.pleasantrunnursery.com/plant-name/Phlox-paniculata-Blue-Paradise,https://newmoonnursery.com/nursery-plants/phlox-paniculata-jeana/,https://www.pinelandsnursery.com/search?query=Phlox+paniculata
"Herbaceous, Perennial",PS,Phlox stolonifera,Creeping Phlox,0.50 - 1,0.75 - 1.50,"White, Blue, Purple","Apr, May","Full Sun, Part Shade",Medium,"Rabbit, Deer, Drought, Air Pollution",Low,Woods,,USDA Hardiness Zone 5 to 9,,https://www.missouribotanicalgarden.org/PlantFinder/PlantFinderDetails.aspx?taxonid=285438,https://www.wildflower.org/plants/result.php?id_plant=PHST3,https://www.pleasantrunnursery.com/plant-name/Phlox-stolonifera-Blue-Ridge,https://newmoonnursery.com/nursery-plants/phlox-stolonifera/,https://www.pinelandsnursery.com/search?query=Phlox+stolonifera
"Herbaceous, Perennial",PV,Physostegia virginiana,False Dragonhead,3 - 4,2 - 3,"White, Pink, Purple","Aug, Sep, Oct, Nov",Full Sun,Medium,"Deer, Clay Soil",Medium,"River  banks, Wet  thickets, prairies, swamps, low  grounds, East, Sand, clay, limestone",Hummingbirds,USDA Hardiness Zone 3 to 9,,https://www.missouribotanicalgarden.org/PlantFinder/PlantFinderDetails.aspx?kempercode=g620,https://www.wildflower.org/plants/result.php?id_plant=phvi8,https://www.pleasantrunnursery.com/plant-name/Physostegia-virginiana-Miss-Manners,https://newmoonnursery.com/nursery-plants/physostegia-virginiana-vivid/,https://www.pinelandsnursery.com/rosa-virginiana-virginia-rose-1-pot
"Herbaceous, Perennial",PV1,Pycnanthemum virginianum,Virginia Mountain-mint,2 - 3,1 - 1.50,"White, Purple","Jun, Jul",Full Sun,Medium,,Low,"Thickets, pastures",,USDA Hardiness Zone 3 to 7,,https://www.missouribotanicalgarden.org/PlantFinder/PlantFinderDetails.aspx?kempercode=l880,https://www.wildflower.org/plants/result.php?id_plant=PYIN,https://www.pleasantrunnursery.com/plant-name/Pycnanthemum-virginianum,https://newmoonnursery.com/nursery-plants/pycnanthemum-virginianum/,https://www.pinelandsnursery.com/pycnanthemum-virginianum-virginia-mountain-mint-seed
"Herbaceous, Perennial",RF,Rudbeckia fulgida,Orange coneflower,2 - 3,2 - 2.50,"Orange, Yellow","Jul, Aug, Sep, Oct",Full Sun,"Dry, Medium","Deer, Drought, Clay Soil, Dry Soil, Shallow-Rocky Soil, Air Pollution",Low,"Open  woods, meadows, pastures","Birds, Butterflies",USDA Hardiness Zone 3 to 9,,https://www.missouribotanicalgarden.org/PlantFinder/PlantFinderDetails.aspx?kempercode=g630,https://www.wildflower.org/plants/result.php?id_plant=rufu2,https://www.pleasantrunnursery.com/plant-name/Rudbeckia-fulgida-var-deamii,https://newmoonnursery.com/nursery-plants/rudbeckia-fulgida-v-fulgida/,https://www.pinelandsnursery.com/rudbeckia-fulgida-orange-coneflower-1-pot
"Herbaceous, Perennial",RH,Rudbeckia hirta,Black-Eyed Susan,1 - 1.50,1 - 1.50,Yellow,"Jun, Jul, Aug, Sep, Oct",Full Sun,Medium,"Deer, Drought, Clay Soil",Low,"Prairie, Plains, Meadows, Pastures, Savannas, Woodlands'  edge, Opening",Butterflies,USDA Hardiness Zone 3 to 8,,https://www.missouribotanicalgarden.org/PlantFinder/PlantFinderDetails.aspx?taxonid=298813,https://www.wildflower.org/plants/result.php?id_plant=ruhi2,https://www.pleasantrunnursery.com/plant-name/Rudbeckia-hirta,https://newmoonnursery.com/nursery-plants/6872-2/,https://www.pinelandsnursery.com/rudbeckia-hirta-black-eyed-susan-seed
"Herbaceous, Perennial",RL,Rudbeckia laciniata,Cutleaf Coneflower,2 - 9,1.50 - 3,Yellow,"Jul, Aug, Sep, Oct","Full Sun, Part Shade",Medium,Deer,Medium,"Low, rich  woods, Wet  fields, alluvial  thickets",Butterflies,USDA Hardiness Zone 3 to 9,,https://www.missouribotanicalgarden.org/PlantFinder/PlantFinderDetails.aspx?kempercode=m200,https://www.wildflower.org/plants/result.php?id_plant=rula3,https://www.pleasantrunnursery.com/plant-name/Rudbeckia-laciniata,https://newmoonnursery.com/nursery-plants/rudbeckia-laciniata/,https://www.pinelandsnursery.com/rudbeckia-laciniata-seed
"Herbaceous, Perennial",SP,Siphium perfoliatum,Cup-Plant,4 - 8,1 - 3,Yellow,"Jul, Aug, Sep",Full Sun,"Medium, Wet","Clay Soil, Wet Soil",Low,"Moist  woods, prairies, low  ground","Birds, Butterflies",USDA Hardiness Zone 3 to 9,,https://www.missouribotanicalgarden.org/PlantFinder/PlantFinderDetails.aspx?kempercode=g650,https://www.wildflower.org/plants/result.php?id_plant=SIPE2,https://www.pleasantrunnursery.com/plant-name/Eupatorium-perfoliatum,,https://www.pinelandsnursery.com/eupatorium-perfoliatum-boneset-seed
"Herbaceous, Perennial",SR,Smilacina raceoscum,False Solomon’s Sea,2 - 3,1.50 - 2,White,"April, May","Part Shade, Full Shade",Medium,,Medium,,,USDA Hardiness Zone 3 to 8,,https://www.missouribotanicalgarden.org/PlantFinder/PlantFinderDetails.aspx?kempercode=m390,https://www.wildflower.org/plants/result.php?id_plant=MARA7,https://www.pleasantrunnursery.com/plant-name/Baptisia-alba-var-macrophylla,,https://www.pinelandsnursery.com/search?query=Smilacina+raceoscum
"Herbaceous, Perennial",SN,Solidago nemoralis,Gray Goldenrod,0.50 - 2,0.50 - 2,Yellow,"Aug, Sep, Oct",Full Sun,"Dry, Medium","Deer, Drought, Dry Soil, Shallow-Rocky Soil",Low,,Butterflies,USDA Hardiness Zone 3 to 9,,https://www.missouribotanicalgarden.org/PlantFinder/PlantFinderDetails.aspx?taxonid=277240,https://www.wildflower.org/plants/result.php?id_plant=sogi,https://www.pleasantrunnursery.com/plant-name/Solidago-nemoralis,https://newmoonnursery.com/nursery-plants/solidago-nemoralis/,https://www.pinelandsnursery.com/solidago-nemoralis-gray-goldenrod-seed
"Herbaceous, Perennial",SS,Solidago sempervirens,Goldenrod,2 - 3,2 - 3,Yellow,"Aug, Sep, Oct",Full Sun,"Dry, Medium","Deer, Drought, Clay Soil",Medium,,Butterflies,USDA Hardiness Zone 3 to 8,,https://www.missouribotanicalgarden.org/PlantFinder/PlantFinderDetails.aspx?kempercode=g690,https://www.wildflower.org/plants/result.php?id_plant=sose,https://www.pleasantrunnursery.com/plant-name/Buxus-sempervirens,https://newmoonnursery.com/nursery-plants/aster-puniceus/,https://www.pinelandsnursery.com/solidago-sempervirens-seaside-goldenrod-2-plug
"Herbaceous, Perennial",SL,Stokesia laevis,Stokes’ Aster,1 - 2,1 - 1.50,"White, Blue, Purple","May, Jun, Jul, Aug, Sep",Full Sun,Medium,"Rabbit, Drought",Low,"Coastal  plains, bogs, pine  savanna, open  woodlands",,USDA Hardiness Zone 5 to 9,,https://www.missouribotanicalgarden.org/PlantFinder/PlantFinderDetails.aspx?kempercode=i900,https://www.wildflower.org/plants/result.php?id_plant=stla6,https://www.pleasantrunnursery.com/plant-name/Stokesia-laevis-Peachie-s-Pick,https://newmoonnursery.com/nursery-plants/coreopsis-verticillata-zagreb/,https://www.pinelandsnursery.com/search?query=Stokesia+laevis
"Herbaceous, Perennial",SL1,Symphyotrichum laeve,Smooth Aster,2 - 4,1 - 2,"Blue, Purple","Aug, Sep, Oct",Full Sun,"Dry, Medium","Drought, Erosion, Dry Soil, Shallow-Rocky Soil",Low,"Open  woods, Dry, mesic  prairies",Butterflies,USDA Hardiness Zone 3 to 8,,https://www.missouribotanicalgarden.org/PlantFinder/PlantFinderDetails.aspx?kempercode=g420,https://www.wildflower.org/plants/result.php?id_plant=sylal3,https://www.pleasantrunnursery.com/plant-name/Aster-laeve,https://newmoonnursery.com/nursery-plants/aster-laevis/,https://www.pinelandsnursery.com/symphyotrichum-laeve-smooth-aster-seed
"Herbaceous, Perennial",SN1,Symphyotrichum novae,New England Aster,3 - 6,2 - 3,"Pink, Purple","Aug, Sep, Oct",Full Sun,Medium,Clay Soil,Medium,"Moist, open, wooded  areas, meadows, mesic  prairies, disturbed  sites, stream  banks",Butterflies,USDA Hardiness Zone 4 to 8,,https://www.missouribotanicalgarden.org/PlantFinder/PlantFinderDetails.aspx?kempercode=b540,https://www.wildflower.org/plants/result.php?id_plant=syno2,https://www.pleasantrunnursery.com/plant-name/Aster-novae-angliae,https://newmoonnursery.com/nursery-plants/aster-novae-angliae/,https://www.pinelandsnursery.com/symphyotrichum-novae-angliae-new-england-aster-seed
"Herbaceous, Perennial",SN2,Symphyotrichum novi,New York Aster,3 - 4,2 - 3,"White, Pink, Purple","Aug, Sep",Full Sun,"Medium, Wet","Clay Soil, Wet Soil",Low,,Butterflies,USDA Hardiness Zone 4 to 8,,https://www.missouribotanicalgarden.org/PlantFinder/PlantFinderDetails.aspx?taxonid=371788,https://www.wildflower.org/plants/result.php?id_plant=SYNOV,https://www.pleasantrunnursery.com/plant-name/Aster-novi-belgii,https://newmoonnursery.com/nursery-plants/aster-novi-belgii/,https://www.pinelandsnursery.com/symphyotrichum-novi-belgii-new-york-aster-seed
"Herbaceous, Perennial",TC,Tiarella cordifolia,Foam Flower,0.75 - 1,1 - 2,White,"Apr, May, Jun, Jul","Part Shade, Full Shade",Medium,"Rabbit, Deer",Low,"Cool, moist",,USDA Hardiness Zone 4 to 9,,https://www.missouribotanicalgarden.org/PlantFinder/PlantFinderDetails.aspx?kempercode=f990,https://www.wildflower.org/plants/result.php?id_plant=TICO,https://www.pleasantrunnursery.com/plant-name/Tiarella-cordifolia,https://newmoonnursery.com/nursery-plants/tiarella-cordifolia-brandywine/,https://www.pinelandsnursery.com/search?query=Tiarella+cordifolia
"Herbaceous, Perennial",VH,Verbena hastata,Blue Vervain,2 - 6,1 - 2.50,"Blue, Purple","Jun, Jul, Aug, Sep",Full Sun,"Medium, Wet",Wet Soil,Low,"Moist  prairies, damp  thickets","Hummingbirds, Butterflies",USDA Hardiness Zone 3 to 8,,https://www.missouribotanicalgarden.org/PlantFinder/PlantFinderDetails.aspx?kempercode=z370,https://www.wildflower.org/plants/result.php?id_plant=veha2,https://www.pleasantrunnursery.com/plant-name/Verbena-hastata,https://newmoonnursery.com/nursery-plants/verbena-hastata-pink-spires/,https://www.pinelandsnursery.com/verbena-hastata-blue-vervain-seed
"Herbaceous, Perennial",VN,Vernonia noveboracensis,New York Ironweed,4 - 6,3 - 4,"Pink, Purple","Jun, Jul, Aug, Sep, Oct",Full Sun,"Medium, Wet","Deer, Clay Soil, Wet Soil",Low,"Wet  Meadow, Prairie, Field, Riparian, Swamp, Marsh, the  margins, flooded  plains, lakes, ponds, waterways, marshes, swamps",,USDA Hardiness Zone 5 to 9,,https://www.missouribotanicalgarden.org/PlantFinder/PlantFinderDetails.aspx?kempercode=g160,https://www.wildflower.org/plants/result.php?id_plant=asin,https://www.pleasantrunnursery.com/plant-name/Vernonia-noveboracensis,https://newmoonnursery.com/nursery-plants/veronicastrum-virginicum/,https://www.pinelandsnursery.com/vernonia-noveboracensis-new-york-ironweed-seed
"Herbaceous, Perennial",VV,Veronicastrum virginicum,Culver’s Root,4 - 7,2 - 4,"White, Pink, Blue","Jul, Aug, Sep",Full Sun,"Medium, Wet",Wet Soil,Low,"Moist  prairies, woods, stream  banks",Butterflies,USDA Hardiness Zone 3 to 8,,https://www.missouribotanicalgarden.org/PlantFinder/PlantFinderDetails.aspx?kempercode=g180,https://www.wildflower.org/plants/result.php?id_plant=vevi4,https://www.pleasantrunnursery.com/plant-name/Veronicastrum-virginicum,https://newmoonnursery.com/nursery-plants/veronicastrum-virginicum/,https://www.pinelandsnursery.com/veronicastrum-virginicum
Ferns,AF,Athyrium filix,Lady Fern,1 - 3,1 - 2.50,Not  Applicable,Non-flowering,"Part Shade, Full Shade",Medium,"Rabbit, Heavy Shade",Low,"Forest, Woodland, Wet  Meadow, Prairie, Field, Swamp, Marsh, Lakeshores",,USDA Hardiness Zone 4 to 8,,https://www.missouribotanicalgarden.org/PlantFinder/PlantFinderDetails.aspx?kempercode=b630,https://www.wildflower.org/plants/result.php?id_plant=ATFI,https://www.pleasantrunnursery.com/plant-name/Athyrium-filix-femina,https://newmoonnursery.com/nursery-plants/tiarella-cordifolia-wherryi/,https://www.pinelandsnursery.com/search?query=Athyrium+filix
Ferns,DM,Dryopteris marginalis,Marginal Woodland Fern,1.50 - 2,1.50 - 2,Not  Applicable,"May, Jun","Part Shade, Full Shade",Medium,"Rabbit, Heavy Shade",Low,"Boggy  areas, shaded  ledges, bluffs",,USDA Hardiness Zone 3 to 8,,https://www.missouribotanicalgarden.org/PlantFinder/PlantFinderDetails.aspx?kempercode=k170,https://www.wildflower.org/plants/result.php?id_plant=OSCI,https://www.pleasantrunnursery.com/plant-name/Dryopteris-marginalis,https://newmoonnursery.com/nursery-plants/polemonium-reptans/,https://www.pinelandsnursery.com/dryopteris-marginalis-marginal-woodfern-tubeling
Ferns,MS,Matteuccia struthiopteris,Ostrich Fern,3 - 6,3 - 5,Not  Applicable,Non-flowering,"Part Shade, Full Shade","Medium, Wet","Rabbit, Heavy Shade, Erosion, Clay Soil, Wet Soil",Medium,"Swamps, bottomland  woods, thickets",,USDA Hardiness Zone 3 to 7,,https://www.missouribotanicalgarden.org/PlantFinder/PlantFinderDetails.aspx?taxonid=272444,https://www.wildflower.org/plants/result.php?id_plant=MAST,https://www.pleasantrunnursery.com/plant-name/Matteuccia-struthiopteris,,https://www.pinelandsnursery.com/matteuccia-struthiopteris-ostrich-fern-tubeling
Ferns,OS,Onoclea Sensibilis,Sensitive Fern,3 - 4,3 - 4,Not  Applicable,"Jun, Jul, Aug, Sep, Oct, Nov","Part Shade, Full Shade","Medium, Wet","Rabbit, Heavy Shade, Clay Soil, Wet Soil, Black Walnut",Medium,"Moist  woodlands, floodplains, stream  banks, swamps, marshes",,USDA Hardiness Zone 4 to 8,,https://www.missouribotanicalgarden.org/PlantFinder/PlantFinderDetails.aspx?kempercode=l300,https://www.wildflower.org/plants/result.php?id_plant=ONSE,https://www.pleasantrunnursery.com/plant-name/Onoclea-sensibilis,,https://www.pinelandsnursery.com/onoclea-sensibilis-sensitive-fern-tubeling
Ferns,OC,Osmunda cinnamomea,Cinnamon Fern,2 - 3,2 - 3,Not  Applicable,"May, Jun","Part Shade, Full Shade","Medium, Wet","Rabbit, Heavy Shade, Black Walnut",Low,"Boggy  areas, shaded  ledges, bluffs",,USDA Hardiness Zone 3 to 9,,https://www.missouribotanicalgarden.org/PlantFinder/PlantFinderDetails.aspx?kempercode=i570,https://www.wildflower.org/plants/result.php?id_plant=OSCI,https://www.pleasantrunnursery.com/plant-name/Osmunda-cinnamomea,https://newmoonnursery.com/nursery-plants/luzula-acuminata/,https://www.pinelandsnursery.com/osmunda-cinnamomea-cinnamon-fern-1-pot
Ferns,OR,Osmunda regalis,Royal Fern,2 - 3,2 - 3,Not  Applicable,Non-flowering,"Part Shade, Full Shade","Medium, Wet","Rabbit, Heavy Shade, Wet Soil",Low,"Swamps, marshes, stream  banks, moist  depressions, savannas, prairies",,USDA Hardiness Zone 3 to 9,,https://www.missouribotanicalgarden.org/PlantFinder/PlantFinderDetails.aspx?kempercode=l320,https://www.wildflower.org/plants/result.php?id_plant=osre,https://www.pleasantrunnursery.com/plant-name/Royal_Fern,,https://www.pinelandsnursery.com/osmunda-regalis-royal-fern-tubeling
Ferns,PA,Polystichum acrostichoides,Christmas Fern,1 - 2,1 - 2,Not  Applicable,Non-flowering,"Part Shade, Full Shade","Dry, Medium","Rabbit, Deer, Drought, Heavy Shade, Erosion, Dry Soil, Shallow-Rocky Soil",Low,"Rich, rocky  woods, stream  banks, swamps, thickets",,USDA Hardiness Zone 3 to 9,,https://www.missouribotanicalgarden.org/PlantFinder/PlantFinderDetails.aspx?kempercode=a710,https://www.wildflower.org/plants/result.php?id_plant=poac4,https://www.pleasantrunnursery.com/plant-name/Polystichum-acrostichoides,https://newmoonnursery.com/nursery-plants/tiarella-cordifolia-wherryi/,https://www.pinelandsnursery.com/polystichum-acrostichoides-christmas-fern-tubeling
"Grasses, Sedges, and Rushes",AG,Andropogon gerardii,Big Bluestem,4 - 6,2 - 3,"Red, Blue, Brown","Aug, Sep, Oct, Nov",Full Sun,"Dry, Medium","Deer, Drought, Erosion, Dry Soil, Black Walnut, Air Pollution",Low,"Usually, low  meadows, prairies, rare, extreme  west, Most  abundant",,USDA Hardiness Zone 4 to 9,,https://www.missouribotanicalgarden.org/PlantFinder/PlantFinderDetails.aspx?kempercode=g720,https://www.wildflower.org/plants/result.php?id_plant=ange,https://www.pleasantrunnursery.com/plant-name/Andropogon-gerardii-Blackhawks,https://newmoonnursery.com/nursery-plants/andropogon-gerardii-holy-smoke/,https://www.pinelandsnursery.com/andropogon-gerardii-big-bluestem-seed
"Grasses, Sedges, and Rushes",CA,Carex amphibola,Creek Sedge,0.50 - 1,0.50 - 1,Not  Applicable,"Mar, Apr, May, Jun","Part Shade, Full Shade","Dry, Medium","Heavy Shade, Wet Soil",Low,,,USDA Hardiness Zone 3 to 8,,https://www.missouribotanicalgarden.org/PlantFinder/PlantFinderDetails.aspx?kempercode=f237,https://www.wildflower.org/plants/result.php?id_plant=caam8,https://www.pleasantrunnursery.com/plant-name/Carex-albicans,https://newmoonnursery.com/nursery-plants/carex-amphibola/,https://www.pinelandsnursery.com/carex-stricta-tussock-sedge-seed
"Grasses, Sedges, and Rushes",CC,Carex crinita,Fringed Sedge,1 - 3,1 - 2,Not  Applicable,Non-flowering,"Full Sun, Part Shade","Medium, Wet","Deer, Erosion, Wet Soil",Low,Riparian,Birds,USDA Hardiness Zone 3 to 8,,https://www.missouribotanicalgarden.org/PlantFinder/PlantFinderDetails.aspx?taxonid=279732,https://www.wildflower.org/plants/result.php?id_plant=cacr6,https://www.pleasantrunnursery.com/plant-name/Carex-albicans,https://newmoonnursery.com/nursery-plants/carex-crinita/,https://www.pinelandsnursery.com/carex-crinita-fringed-sedge-2-plug
"Grasses, Sedges, and Rushes",CG1,Carex grayi,Gray Sedge,2 - 3,1.50 - 2,Not  Applicable,"May, Jun, Jul, Aug","Full Sun, Part Shade","Medium, Wet","Deer, Erosion, Wet Soil",Low,,,USDA Hardiness Zone 5 to 9,,https://www.missouribotanicalgarden.org/PlantFinder/PlantFinderDetails.aspx?taxonid=279804,https://www.wildflower.org/plants/result.php?id_plant=CAGR5,https://www.pleasantrunnursery.com/plant-name/Carex-grayi,https://newmoonnursery.com/nursery-plants/carex-grayi/,https://www.pinelandsnursery.com/carex-stricta-tussock-sedge-seed
"Grasses, Sedges, and Rushes",CL1,Carex laxiculmis,Creeping Sedge,0.50 - 1,0.50 - 1,"Green, Brown","Mar, Apr, May, Jun","Part Shade, Full Shade","Medium, Wet","Deer, Heavy Shade, Wet Soil",Low,"Low, Wet",,USDA Hardiness Zone 5 to 9,,https://www.missouribotanicalgarden.org/PlantFinder/PlantFinderDetails.aspx?taxonid=279805,https://www.wildflower.org/plants/result.php?id_plant=CALAL4,https://www.pleasantrunnursery.com/plant-name/Carex-laxiculmis-Bunny-Blue,https://newmoonnursery.com/nursery-plants/carex-laxiculmis/,https://www.pinelandsnursery.com/carex-stricta-tussock-sedge-seed
"Grasses, Sedges, and Rushes",CP1,Carex pensylvanica,Pennsylvania Sedge,0.50 - 1,0.50 - 1,Not  Applicable,"May, Jun, Jul","Part Shade, Full Shade","Dry, Medium","Heavy Shade, Wet Soil",Low,"Dry, moist  woods",,USDA Hardiness Zone 3 to 8,,https://www.missouribotanicalgarden.org/PlantFinder/PlantFinderDetails.aspx?kempercode=f237,https://www.wildflower.org/plants/result.php?id_plant=cape6,https://www.pleasantrunnursery.com/plant-name/Carex-pensylvanica,https://newmoonnursery.com/nursery-plants/carex-pensylvanica/,https://www.pinelandsnursery.com/carex-pensylvanica-pennsylvania-sedge-2-plug
"Grasses, Sedges, and Rushes",CP2,Carex plantaginea,Seersucker Sedge,2 - 3,1.50 - 2,"White, Green, Brown","Apr, May, Jun","Full Sun, Part Shade",Wet,"Deer, Erosion, Wet Soil",Low,,,USDA Hardiness Zone 4 to 8,,https://www.missouribotanicalgarden.org/PlantFinder/PlantFinderDetails.aspx?taxonid=279765&isprofile=1&gen=Carex,https://www.wildflower.org/plants/result.php?id_plant=CAAL3,https://www.pleasantrunnursery.com/plant-name/Carex-plantaginea,https://newmoonnursery.com/nursery-plants/carex-plantaginea/,https://www.pinelandsnursery.com/carex-plantaginea-1-pot
"Grasses, Sedges, and Rushes",CS,Carex stipata,Awl-fruited sedge,1 - 3,1 - 2,Not  Applicable,"Apr, May, Jun, Jul, Aug","Full Sun, Part Shade","Medium, Wet","Deer, Erosion",Low,"Low, Wet  grounds",,USDA Hardiness Zone 3 to 8,,https://www.missouribotanicalgarden.org/PlantFinder/PlantFinderDetails.aspx?taxonid=279745,https://www.wildflower.org/plants/result.php?id_plant=cast5,https://www.pleasantrunnursery.com/plant-name/Carex-albicans,,https://www.pinelandsnursery.com/carex-stipata-awl-fruit-sedge-2-plug
"Grasses, Sedges, and Rushes",CS1,Carex stricta,Tussock Sedge,1 - 3,1 - 2,Not  Applicable,"May, Jun","Full Sun, Part Shade","Medium, Wet","Deer, Erosion",Low,"Acid, neutral  swamps, swales, low  woods",,USDA Hardiness Zone 3 to 8,,https://www.missouribotanicalgarden.org/PlantFinder/PlantFinderDetails.aspx?kempercode=d584,https://www.wildflower.org/plants/result.php?id_plant=CAST8,https://www.pleasantrunnursery.com/plant-name/Carex-albicans,https://newmoonnursery.com/nursery-plants/carex-stricta/,https://www.pinelandsnursery.com/carex-stricta-tussock-sedge-seed
"Grasses, Sedges, and Rushes",CV,Carex vulpinoidea,Fox Sedge,1 - 3,1 - 3,Not  Applicable,"Jul, Aug","Full Sun, Part Shade",Wet,Deer,Low,"Wet  Meadow/Prairie/Field, Swamp/Marsh",,USDA Hardiness Zone 3 to 7,,https://www.missouribotanicalgarden.org/PlantFinder/PlantFinderDetails.aspx?kempercode=g760,https://www.wildflower.org/plants/result.php?id_plant=cavu2,https://www.pleasantrunnursery.com/plant-name/Carex-vulpinoidea,https://newmoonnursery.com/nursery-plants/carex-vulpinoidea/,https://www.pinelandsnursery.com/carex-vulpinoidea-fox-sedge-seed
"Grasses, Sedges, and Rushes",CL2,Chasmanthium latifolium,Northern Sea Oats,2 - 5,1 - 2.50,"Blue, Purple","Jun, Jul, Aug, Sep","Full Sun, Part Shade","Medium, Wet",Black Walnut,Low,"Moist  prairies, damp  thickets",Birds,USDA Hardiness Zone 3 to 8,,https://www.missouribotanicalgarden.org/PlantFinder/PlantFinderDetails.aspx?kempercode=a240,https://www.wildflower.org/plants/result.php?id_plant=veha2,https://www.pleasantrunnursery.com/plant-name/Chasmanthium-latifolium,https://newmoonnursery.com/nursery-plants/chasmanthium-latifolium/,https://www.pinelandsnursery.com/chasmanthium-latifolium
"Grasses, Sedges, and Rushes",DC,Deshampsia cespitosa,Tufted Hairgrass,2 - 3,1 - 2,White,"May, Jun, Jul",Part Shade,Medium,"Black Walnut, Air Pollution",Low,"Low, moist  areas, prairies, open  woodlands",Birds,USDA Hardiness Zone 4 to 9,,https://www.missouribotanicalgarden.org/PlantFinder/PlantFinderDetails.aspx?kempercode=c450,https://www.wildflower.org/plants/result.php?id_plant=pedi,https://www.pleasantrunnursery.com/plant-name/Deschampsia-cespitosa,https://newmoonnursery.com/nursery-plants/deschampsia-flexuosa-sold-out-until-2021/,https://www.pinelandsnursery.com/deschampsia-cespitosa-1-pot
"Grasses, Sedges, and Rushes",EV,Elymus virginicus,Virginia Wild Rye,2 - 4,1 - 2,Not  Applicable,Non-flowering,"Full Sun, Part Shade",Medium,"Deer, Erosion",Low,,Butterflies,USDA Hardiness Zone 3 to 8,,https://www.missouribotanicalgarden.org/PlantFinder/PlantFinderDetails.aspx?taxonid=285239,https://www.wildflower.org/plants/result.php?id_plant=ELVIV,https://www.pleasantrunnursery.com/plant-name/Elymus-virginicus,https://newmoonnursery.com/nursery-plants/elymus-virginicus/,https://www.pinelandsnursery.com/elymus-virginicus-virginia-wild-rye-seed
"Grasses, Sedges, and Rushes",ES,Eragrostis spectabilis,Purple Lovegrass,1 - 2,1 - 2,"Red, Purple","Aug, Sep, Oct",Full Sun,"Dry, Medium","Drought, Black Walnut, Air Pollution",Low,"Sandy, disturbed  sites, plains, open  woods",,USDA Hardiness Zone 5 to 9,,https://www.missouribotanicalgarden.org/PlantFinder/PlantFinderDetails.aspx?kempercode=d593,https://www.wildflower.org/plants/result.php?id_plant=ersp,https://www.pleasantrunnursery.com/plant-name/Eragrostis-spectabilis,https://newmoonnursery.com/nursery-plants/eragrostis-spectabilis/,https://www.pinelandsnursery.com/eragrostis-spectabilis-1-pot
"Grasses, Sedges, and Rushes",JE,Juncus effusus,Soft rush,2 - 4,2 - 4,"Green, Brown","Jul, Aug, Sep",Full Sun,Wet,"Erosion, Wet Soil",Low,Swamps,,USDA Hardiness Zone 4 to 9,,https://www.missouribotanicalgarden.org/PlantFinder/PlantFinderDetails.aspx?kempercode=c262,https://www.wildflower.org/plants/result.php?id_plant=JUEF,https://www.pleasantrunnursery.com/plant-name/Juncus-effusus,https://newmoonnursery.com/nursery-plants/juncus-effusus/,https://www.pinelandsnursery.com/juncus-effusus-soft-rush-seed
"Grasses, Sedges, and Rushes",PV2,Panicum virgatum,Switchgrass,3 - 6,2 - 3,"Green, Brown","Aug, Sep, Oct, Nov","Full Sun, Part Shade","Medium, Wet","Drought, Erosion, Dry Soil, Wet Soil, Black Walnut, Air Pollution",Low,"Dry, moist  prairies, bluffs, stream  banks, open  woods, moist, Pecos, Sand, loam, clay, limestone",Birds,USDA Hardiness Zone 5 to 9,,https://www.missouribotanicalgarden.org/PlantFinder/PlantFinderDetails.aspx?kempercode=l460,https://www.wildflower.org/plants/result.php?id_plant=pavi2,https://www.pleasantrunnursery.com/plant-name/Panicum-virgatum,https://newmoonnursery.com/nursery-plants/panicum-virgatum-prairie-dog/,https://www.pinelandsnursery.com/panicum-virgatum-switchgrass-seed
"Grasses, Sedges, and Rushes",SS1,Schizachyrium scoparium,Little Bluestem,2 - 4,1.50 - 2,"White, Green, Brown","Jun, Jul, Aug, Sep, Oct, Nov, Dec",Full Sun,"Dry, Medium","Deer, Drought, Erosion, Dry Soil, Shallow-Rocky Soil, Black Walnut, Air Pollution",Low,"Woodlands'  edge, Opening, Hillsides, Slopes, Prairie, Plains, Meadows, Pastures, Savannas",Birds,USDA Hardiness Zone 3 to 9,,https://www.missouribotanicalgarden.org/PlantFinder/PlantFinderDetails.aspx?kempercode=f510,https://www.wildflower.org/plants/result.php?id_plant=SCSC,https://www.pleasantrunnursery.com/plant-name/Schizachyrium-scoparium,https://newmoonnursery.com/nursery-plants/schizachyrium-scoparium-sandhill/,https://www.pinelandsnursery.com/schizachyrium-scoparium-little-bluestem-seed
"Grasses, Sedges, and Rushes",SN3,Sorghastrum nutans,Indiangrass,3 - 5,1 - 2,Yellow,"Aug, Sep, Oct",Full Sun,"Dry, Medium","Drought, Erosion, Dry Soil, Shallow-Rocky Soil, Black Walnut, Air Pollution",Medium,"Prairies, open  woods, fields, Dry  slopes, Frequent, Edwards  Plateau, Plains  Country, Sand, loam, clay, limestone",Birds,USDA Hardiness Zone 4 to 9,,https://www.missouribotanicalgarden.org/PlantFinder/PlantFinderDetails.aspx?kempercode=g780,https://www.wildflower.org/plants/result.php?id_plant=sonu2,https://www.pleasantrunnursery.com/plant-name/Sorghastrum-nutans,https://newmoonnursery.com/nursery-plants/sorghastrum-nutans-indian-steel/,https://www.pinelandsnursery.com/sorghastrum-nutans-indiangrass-seed
"Grasses, Sedges, and Rushes",SH,Sporobolus heterolepis,Prairie Dropseed,2 - 3,2 - 3,"Pink, Purple","Apr, May, Jun, Jul, Aug, Sep",Full Sun,"Dry, Medium","Deer, Drought, Erosion, Dry Soil, Shallow-Rocky Soil, Black Walnut, Air Pollution",Low,"Well, drained  limestone, sand, clay, loam, Rocky, open  woods, thickets, prairies",Birds,USDA Hardiness Zone 3 to 9,,https://www.missouribotanicalgarden.org/PlantFinder/PlantFinderDetails.aspx?kempercode=f680,https://www.wildflower.org/plants/result.php?id_plant=ecpu,https://www.pleasantrunnursery.com/plant-name/Sporobolus-heterolepis,https://newmoonnursery.com/nursery-plants/sporobolus-heterolepis-tara/,https://www.pinelandsnursery.com/sporobolus-heterolepis-1-pot
Shrubs,AP,Andromeda polifolia,Bog Rosemary,1 - 2,2 - 6,"White, Pink","Jun, Jul","Sun, Part  Shade, Shade","moist, Wet",,,Acid  bogs,Poisonous,USDA Hardiness Zone 2 to 6,,https://plants.ces.ncsu.edu/plants/andromeda-polifolia/,https://www.wildflower.org/plants/result.php?id_plant=anpo,https://www.pleasantrunnursery.com/plant-name/Pieris-japonica-Cavatine,,https://www.pinelandsnursery.com/search?query=Andromeda+polifolia
Shrubs,AA,Aronia arbutifolia,Red Chokeberry,6 - 10,3 - 6,White,May,"Full Sun, Part Shade",Medium,"Erosion, Clay Soil, Wet Soil",Low,"Pine  bottomlands, swamps, open  bogs",,USDA Hardiness Zone 4 to 9,,https://www.missouribotanicalgarden.org/PlantFinder/PlantFinderDetails.aspx?taxonid=286551,https://www.wildflower.org/plants/result.php?id_plant=ARAR7,https://www.pleasantrunnursery.com/plant-name/Aronia-arbutifolia-Brilliantissima,,https://www.pinelandsnursery.com/photinia-pyrifolia-red-chokeberry-1-pot
Shrubs,AM,Aronia melanocarpa,Black Chokeberry,4 - 6,6 - 8,White,May,"Full Sun, Part Shade",Medium,Erosion,Low,"Lowlands, bogs, dunes, bluffs",Birds,USDA Hardiness Zone 3 to 8,,https://www.missouribotanicalgarden.org/PlantFinder/PlantFinderDetails.aspx?taxonid=241869,https://www.wildflower.org/plants/result.php?id_plant=ARME6,https://www.pleasantrunnursery.com/plant-name/Aronia-melanocarpa-Ground-Hug,,https://www.pinelandsnursery.com/photinia-melanocarpa-black-chokeberry-1-pot
Shrubs,CO,Cephalanthus occidentalis,Buttonbush,5 - 12,4 - 8,"White, Pink","Jun, Jul, Aug, Sep","Full Sun, Part Shade","Medium, Wet","Erosion, Wet Soil",Low,"swamps, around  ponds, margins, Sand, loam, clay, limestone, moist, poor  drainage, Prairie  swales, lake, marsh, creek, swamp  margins, Dry, limestone  bluffs","Hummingbirds, Butterflies",USDA Hardiness Zone 5 to 9,,https://www.missouribotanicalgarden.org/PlantFinder/PlantFinderDetails.aspx?kempercode=g830,https://www.wildflower.org/plants/result.php?id_plant=ceoc2,https://www.pleasantrunnursery.com/plant-name/Buttonbush,https://newmoonnursery.com/nursery-plants/cephalanthus-occidentalis/,https://www.pinelandsnursery.com/cephalanthus-occidentalis-buttonbush-1-pot
Shrubs,CA1,Clethra alnifolia,Sweet Pepperbush,3 - 8,4 - 6,"White, Pink","Jul, Aug","Full Sun, Part Shade","Medium, Wet","Heavy Shade, Erosion, Clay Soil, Wet Soil",Low,"Swamps, sea  shores, stream  banks, hillside  bogs","Birds, Butterflies",USDA Hardiness Zone 3 to 9,,https://www.missouribotanicalgarden.org/PlantFinder/PlantFinderDetails.aspx?kempercode=c230,https://www.wildflower.org/plants/result.php?id_plant=clal3,https://www.pleasantrunnursery.com/plant-name/Clethra-alnifolia-Compacta,,https://www.pinelandsnursery.com/clethra-alnifolia-sweet-pepperbush-5-pot
Shrubs,CA2,Cornus amomum,Silky Dogwood,6 - 12,6 - 12,White,Jun,"Full Sun, Part Shade","Medium, Wet","Deer, Erosion, Wet Soil, Black Walnut",Medium,"Swamps, damp  thickets, Wet  prairies",Birds,USDA Hardiness Zone 5 to 8,,https://www.missouribotanicalgarden.org/PlantFinder/PlantFinderDetails.aspx?kempercode=g800,https://www.wildflower.org/plants/result.php?id_plant=COOB9,https://www.pleasantrunnursery.com/plant-name/Cornus-amomum,,https://www.pinelandsnursery.com/cornus-amomum-silky-dogwood-1-pot
Shrubs,CR,Cornus racemosa,Graystem Dogwood,10 - 15,10 - 15,"White, Green","May, Jun, Jul","Full Sun, Part Shade",Medium,"Deer, Wet Soil",Low,"Thickets, Wet, Dry, low, open  areas","Birds, Butterflies",USDA Hardiness Zone 4 to 8,,https://www.missouribotanicalgarden.org/PlantFinder/PlantFinderDetails.aspx?kempercode=j930,https://www.wildflower.org/plants/result.php?id_plant=cora6,https://www.pleasantrunnursery.com/plant-name/Cornus-racemosa,,https://www.pinelandsnursery.com/cornus-racemosa-gray-dogwood-1-pot
Shrubs,CS2,Cornus sericea,Red-twig Dogwood,6 - 9,7 - 10,White,"May, Jun","Full Sun, Part Shade","Medium, Wet","Deer, Erosion, Clay Soil, Wet Soil",Medium,"River  banks, lake  shores, wooded, open, Wet  areas","Birds, Butterflies",USDA Hardiness Zone 3 to 7,,https://www.missouribotanicalgarden.org/PlantFinder/PlantFinderDetails.aspx?taxonid=279363,https://www.wildflower.org/plants/result.php?id_plant=cose16,https://www.pleasantrunnursery.com/plant-name/Cornus-sericea-Arctic-Fire-Red,,https://www.pinelandsnursery.com/cornus-sericea-redosier-dogwood-1-pot
Shrubs,HV,Hamamelis Virginiana,Witchhazel,15 - 20,15 - 20,"Orange, Yellow, Green, Brown","Sep, Oct, Nov, Dec","Full Sun, Part Shade",Medium,"Deer, Erosion, Clay Soil",Low,"Moist  woods, thickets, bottomlands",Birds,USDA Hardiness Zone 3 to 8,,https://www.missouribotanicalgarden.org/PlantFinder/PlantFinderDetails.aspx?taxonid=281023,https://www.wildflower.org/plants/result.php?id_plant=HAVI4,https://www.pleasantrunnursery.com/plant-name/Hamamelis-virginiana,,https://www.pinelandsnursery.com/hamamelis-virginiana-american-witch-hazel-1-pot
Shrubs,HQ,Hydrangea quercifolia,Oakleaf Hydrangea,6 - 8,6 - 8,"White, Green, Purple","Jun, Jul","Full Sun, Part Shade",Medium,,Low,"Damp  woods, river  banks",,USDA Hardiness Zone 5 to 9,,https://www.missouribotanicalgarden.org/PlantFinder/PlantFinderDetails.aspx?kempercode=d380,https://www.wildflower.org/plants/result.php?id_plant=HYQU3,https://www.pleasantrunnursery.com/plant-name/Hydrangea-quercifolia-Gatsby-Moon,,https://www.pinelandsnursery.com/search?query=Hydrangea+quercifolia
Shrubs,IG,Ilex glabra,Inkberry,5 - 8,5 - 8,White,"Jun, Jul, Aug, Sep","Full Sun, Part Shade","Medium, Wet","Rabbit, Deer, Erosion, Wet Soil, Air Pollution",Low,"Bogs, Wet  woods, coastal  plains",Birds,USDA Hardiness Zone 4 to 9,,https://www.missouribotanicalgarden.org/PlantFinder/PlantFinderDetails.aspx?kempercode=d553,https://www.wildflower.org/plants/result.php?id_plant=ilgl,https://www.pleasantrunnursery.com/plant-name/Ilex-glabra-Compacta,,https://www.pinelandsnursery.com/ilex-glabra-inkberry-holly-1-pot
Shrubs,IV1,Ilex verticillata,Common Winterberry,6 - 8,6 - 8,"White, Yellow, Green, Brown","Apr, May, Jun, Jul","Full Sun, Part Shade","Medium, Wet","Erosion, Clay Soil, Wet Soil, Air Pollution",Low,"Swamps, Stream, river  banks, Near  lakes, ponds",Birds,USDA Hardiness Zone 3 to 9,,https://www.missouribotanicalgarden.org/PlantFinder/PlantFinderDetails.aspx?kempercode=a655,https://www.wildflower.org/plants/result.php?id_plant=Ilve,https://www.pleasantrunnursery.com/plant-name/Ilex-verticillata-Jim-Dandy,,https://www.pinelandsnursery.com/ilex-verticillata-winterberry-holly-1-pot
Shrubs,IV2,Itea virginica,Virginia Sweetspire,3 - 5,3 - 5,White,"Apr, May, Jun","Full Sun, Part Shade","Medium, Wet","Heavy Shade, Erosion, Clay Soil, Wet Soil",Low,"Wet, swamps",,USDA Hardiness Zone 5 to 9,,https://www.missouribotanicalgarden.org/PlantFinder/PlantFinderDetails.aspx?kempercode=k720,https://www.wildflower.org/plants/result.php?id_plant=ITVI,https://www.pleasantrunnursery.com/plant-name/Itea-virginica-Fizzy-Mizzy,,https://www.pinelandsnursery.com/itea-virginica-virginia-sweetspire-1-pot
Shrubs,KL,Kalmia latifolia,Mountain Laurel,5 - 15,5 - 15,"White, Pink","Jun, Jul",Part Shade,Medium,"Rabbit, Deer",Medium,"Wet, Dry  woods, pastures, cool  meadows, slopes",,USDA Hardiness Zone 4 to 9,,https://www.missouribotanicalgarden.org/PlantFinder/PlantFinderDetails.aspx?kempercode=c798,https://www.wildflower.org/plants/result.php?id_plant=KALA,https://www.pleasantrunnursery.com/plant-name/Bullseye_Mountain_Laurel,https://newmoonnursery.com/nursery-plants/phlox-carolina/,https://www.pinelandsnursery.com/spiraea-latifolia-meadowsweet-1-pot
Shrubs,LR,Leucothoe racemosa,Fetterbush,3 - 8,2 - 4,Pink,"Mar, Apr, May",Part Shade,"Medium, Wet",Erosion,Low,"Pocosins, low  woods, shrub, tree  bogs, bays",,USDA Hardiness Zone 5 to 9,,https://www.missouribotanicalgarden.org/PlantFinder/PlantFinderDetails.aspx?taxonid=446191,https://www.wildflower.org/plants/result.php?id_plant=LYLU3,https://www.pleasantrunnursery.com/plant-name/Actaea-racemosa,,https://www.pinelandsnursery.com/cornus-racemosa-gray-dogwood-1-pot
Shrubs,LB,Lindera benzoin,Spicebush,6 - 12,6 - 12,"White, Yellow",Apr,Part Shade,Medium,"Deer, Drought, Heavy Shade, Clay Soil, Wet Soil, Black Walnut",Low,Low,"Birds, Butterflies",USDA Hardiness Zone 4 to 9,,https://www.missouribotanicalgarden.org/PlantFinder/PlantFinderDetails.aspx?kempercode=d890,https://www.wildflower.org/plants/result.php?id_plant=libe3,https://www.bing.com/search?q=%22Lindera+benzoin%22+site%3Apleasantrunnursery.com&rdr=1&rdrig=5E52F458C86D4464921E8876D1979C9B#,https://www.bing.com/search?q=%22Lindera+benzoin%22+site%3Anewmoonnursery.com&rdr=1&rdrig=FAC69C5E762E402B94937EC9311CE956#,https://www.bing.com/search?q=%22Lindera+benzoin%22+site%3Apinelandsnursery.com&rdr=1&rdrig=5210A36611794517A9D6B5B3B2C909EE#
Shrubs,MP,Myrica pensylvanica,Northern Bayberry,4 - 5,5 - 7,Yellow,"Jul, Aug, Sep, Oct","Full Sun, Part Shade","Dry, Medium","Drought, Erosion, Wet Soil",Low,"Ledges, wood  borders, thickets",Birds,USDA Hardiness Zone 3 to 6,,https://www.missouribotanicalgarden.org/PlantFinder/PlantFinderDetails.aspx?taxonid=256525,https://www.wildflower.org/plants/result.php?id_plant=mope6,https://www.pleasantrunnursery.com/plant-name/Myrica-pensylvanica,,https://www.pinelandsnursery.com/morella-pensylvanica-northern-bayberry-1-pot
Shrubs,RV,Rhododendron viscosum,Swamp Azalea,3 - 5,3 - 5,"White, Pink","May, Jun, Jul, Aug",Part Shade,"Medium, Wet","Rabbit, Wet Soil",Medium,"Swamps, bogs, stream  margins","Hummingbirds, Butterflies",USDA Hardiness Zone 4 to 9,,https://www.missouribotanicalgarden.org/PlantFinder/PlantFinderDetails.aspx?taxonid=280018,https://www.wildflower.org/plants/result.php?id_plant=rhvi2,https://www.pleasantrunnursery.com/plant-name/Rhododendron-atlanticum-Fragrant-Star,,https://www.pinelandsnursery.com/rhododendron-viscosum-swamp-azalea-5
Shrubs,RA,Rhus aromatica,Fragrant Sumac,2 - 6,6 - 10,Yellow,"Apr, May, Jun","Full Sun, Part Shade","Dry, Medium","Rabbit, Drought, Erosion, Clay Soil, Dry Soil, Shallow-Rocky Soil, Black Walnut",Low,"Dry, rocky  prairies, old  fields, open  woods","Birds, Butterflies",USDA Hardiness Zone 3 to 9,,https://www.missouribotanicalgarden.org/plantfinder/PlantFinderDetails.aspx?taxonid=275952,https://www.wildflower.org/plants/result.php?id_plant=rhar4,https://www.pleasantrunnursery.com/plant-name/Rhus-aromatica,,https://www.pinelandsnursery.com/rhus-aromatica
Shrubs,RC,Rosa carolina,Carolina Rose,3 - 6,5 - 10,"White, Pink","Jun, Jul, Aug",Full Sun,"Medium, Wet",,Medium,"Dry, open  woods, hills, prairies, roadsides","Birds, Butterflies",USDA Hardiness Zone 4 to 9,,https://www.missouribotanicalgarden.org/PlantFinder/PlantFinderDetails.aspx?kempercode=f370,https://www.wildflower.org/plants/result.php?id_plant=robl,https://www.pleasantrunnursery.com/plant-name/Rosa-carolina,https://newmoonnursery.com/nursery-plants/liatris-microcephala/,https://www.pinelandsnursery.com/rosa-carolina-carolina-rose-1-pot
Shrubs,SC,Sambucus canadensis,Elderberry,5 - 12,5 - 12,White,"May, Jun","Full Sun, Part Shade","Medium, Wet","Erosion, Clay Soil, Wet Soil",High,"Alluvial  forests, bogs, ditches, drier, old  fields, Edges, riparian  thickets, Central, East  Texas","Birds, Butterflies",USDA Hardiness Zone 3 to 9,,https://www.missouribotanicalgarden.org/PlantFinder/PlantFinderDetails.aspx?kempercode=f470,https://www.wildflower.org/plants/result.php?id_plant=sanic4,https://www.pleasantrunnursery.com/plant-name/Sambucus-canadensis-Adams,,https://www.pinelandsnursery.com/sambucus-canadensis-black-elderberry-1-pot
Shrubs,SL2,Spiraea latifolia,Meadowsweet,3 - 4,3 - 4,"White, Pink","Jul, Aug, Sep","Full Sun, Part Shade","Medium, Wet","Deer, Wet Soil",Low,"Moist  slopes, meadows",Butterflies,USDA Hardiness Zone 3 to 7,,https://www.missouribotanicalgarden.org/PlantFinder/PlantFinderDetails.aspx?taxonid=286372,https://www.wildflower.org/plants/result.php?id_plant=SPALL,https://www.pleasantrunnursery.com/plant-name/Bullseye_Mountain_Laurel,,https://www.pinelandsnursery.com/spiraea-latifolia-meadowsweet-1-pot
Shrubs,ST,Spiraea tomentosa,Steeplebush,2 - 4,3 - 5,"Red, Pink, Purple","Jul, Aug, Sep",Full Sun,"Medium, Wet","Deer, Erosion",Low,"Wet  prairies, meadows, marshes, roadsides",Butterflies,USDA Hardiness Zone 3 to 8,,https://www.missouribotanicalgarden.org/PlantFinder/PlantFinderDetails.aspx?kempercode=e412,https://www.wildflower.org/plants/result.php?id_plant=spto2,https://www.pleasantrunnursery.com/plant-name/Spiraea-tomentosa,,https://www.pinelandsnursery.com/spiraea-tomentosa-steeplebush-1-pot
Shrubs,VC,Vaccinium corymbosum,Highbush Blueberry,6 - 12,8 - 12,"White, Pink","May, Jun","Full Sun, Part Shade","Medium, Wet",Wet Soil,Medium,"Swamps, bogs, Dry  barrens, oak  woods","Birds, Butterflies",USDA Hardiness Zone 5 to 8,,https://www.missouribotanicalgarden.org/PlantFinder/PlantFinderDetails.aspx?taxonid=279992,https://www.wildflower.org/plants/result.php?id_plant=vaco,https://www.pleasantrunnursery.com/plant-name/Vaccinium_corymbosum_Blue_Jay,,https://www.pinelandsnursery.com/vaccinium-corymbosum-highbush-blueberry-5-pot
Shrubs,VA,Viburnum acerifolium,Mapleleaf Viburnum,3 - 6,2 - 4,White,"Apr, May, Jun, Jul, Aug","Full Sun, Part Shade",Medium,Black Walnut,Low,"Thickets, Shaded  woods, Mesic, mixed  woods, bluffs, ravines","Birds, Butterflies",USDA Hardiness Zone 3 to 8,,https://www.missouribotanicalgarden.org/PlantFinder/PlantFinderDetails.aspx?kempercode=a192,https://www.wildflower.org/plants/result.php?id_plant=VIAC,https://www.pleasantrunnursery.com/plant-name/Viburnum-acerifolium,,https://www.pinelandsnursery.com/viburnum-lentago-nannyberry-2-pot
Shrubs,VD,Viburnum dentatum,Arrowwood Viburnum,6 - 10,6 - 10,White,"May, Jun, Jul","Full Sun, Part Shade",Medium,"Clay Soil, Black Walnut",Low,"Stream  banks, moist  woods","Birds, Butterflies",USDA Hardiness Zone 2 to 8,,https://www.missouribotanicalgarden.org/PlantFinder/PlantFinderDetails.aspx?kempercode=m720,https://www.wildflower.org/plants/result.php?id_plant=vide,https://www.pleasantrunnursery.com/plant-name/Viburnum-dentatum-Blue-Muffin,,https://www.pinelandsnursery.com/viburnum-dentatum-arrowwood-viburnum-1-pot
Shrubs,VL,Viburnum lentago,Nannyberry,14 - 16,6 - 12,"White, Red, Pink","May, Jun, Jul, Aug, Sep, Oct, Nov","Full Sun, Part Shade",Medium,Air Pollution,Low,"roadways, beaches, fields","Birds, Butterflies",USDA Hardiness Zone 2 to 8,,https://www.missouribotanicalgarden.org/PlantFinder/PlantFinderDetails.aspx?kempercode=m750,https://www.wildflower.org/plants/result.php?id_plant=phno2,https://www.pleasantrunnursery.com/plant-name/Viburnum-acerifolium,,https://www.pinelandsnursery.com/viburnum-lentago-nannyberry-2-pot
Shrubs,VN1,Viburnum nudum,Possumhaw Virburnum,5 - 12,5 - 12,White,"May, Jun, Jul","Full Sun, Part Shade","Medium, Wet",Wet Soil,Low,"Savannas, low, Wet  woods, bogs",Butterflies,USDA Hardiness Zone 5 to 9,,https://www.missouribotanicalgarden.org/PlantFinder/PlantFinderDetails.aspx?taxonid=278959,https://www.wildflower.org/plants/result.php?id_plant=VINU,https://www.pleasantrunnursery.com/plant-name/Viburnum-nudum-Brandywine,,https://www.pinelandsnursery.com/viburnum-nudum-possumhaw-tubeling
Shrubs,VT,Viburnum trilobum,Cranberry Viburnum,8 - 12,8 - 12,White,"May, Jun, Jul","Full Sun, Part Shade",Medium,,Low,"Stream  banks, moist  woods","Birds, Butterflies",USDA Hardiness Zone 2 to 7,,https://www.missouribotanicalgarden.org/PlantFinder/PlantFinderDetails.aspx?kempercode=c365,https://www.wildflower.org/plants/result.php?id_plant=vide,https://www.pleasantrunnursery.com/plant-name/Viburnum-trilobum-Bailey-Compact,,https://www.pinelandsnursery.com/viburnum-trilobum-cranberry-viburnum-1-pot
Trees,AC1,Amelanchier canadensis,Serviceberry,3 - 5,3 - 5,White,"Apr, May","Full Sun, Part Shade","Dry, Medium","Drought, Dry Soil",Low,"Wood  borders, moist, upland  woods",Birds,USDA Hardiness Zone 5 to 8,,https://www.missouribotanicalgarden.org/PlantFinder/PlantFinderDetails.aspx?taxonid=358428,https://www.wildflower.org/plants/result.php?id_plant=amca4,https://www.pleasantrunnursery.com/plant-name/Amelanchier-canadensis,,https://www.pinelandsnursery.com/amelanchier-canadensis-shadbush-5-pot
Trees,AT3,Asimina triloba,Common Pawpaw,15 - 30,15 - 30,"White, Red, Yellow, Purple","Apr, May","Full Sun, Part Shade","Medium, Wet","Wet Soil, Black Walnut",Low,"Ditches, Ravines, Depressions, Flood  plains, bottomland",,USDA Hardiness Zone 5 to 9,,https://www.missouribotanicalgarden.org/PlantFinder/PlantFinderDetails.aspx?kempercode=b500,https://www.wildflower.org/plants/result.php?id_plant=astr,https://www.pleasantrunnursery.com/plant-name/Asimina-triloba-,,https://www.pinelandsnursery.com/asimina-triloba-pawpaw-2-pot
Trees,BN,Betula nigra,River Birch,30 - 40,25 - 35,"Green, Brown","Feb, Mar","Full Sun, Part Shade","Medium, Wet","Deer, Clay Soil, Wet Soil, Air Pollution",Low,"Swamps, Flood  plains, bottomland, Ditches, Ravines, Depressions, Stream, river  banks",,USDA Hardiness Zone 4 to 9,,https://www.missouribotanicalgarden.org/PlantFinder/PlantFinderDetails.aspx?kempercode=c585,https://www.wildflower.org/plants/result.php?id_plant=beni,https://www.pleasantrunnursery.com/plant-name/Betula-nigra-Dura-Heat,,https://www.pinelandsnursery.com/betula-nigra-river-birch-2pot
Trees,CC1,Cercis canadensis,Eastern Redbud,20 - 30,25 - 35,Pink,"Mar, Apr, May","Full Sun, Part Shade",Medium,"Deer, Clay Soil, Black Walnut",Low,"Woods, stream  banks, limestone  bluffs","Birds, Hummingbirds, Butterflies",USDA Hardiness Zone 4 to 8,,https://www.missouribotanicalgarden.org/PlantFinder/PlantFinderDetails.aspx?kempercode=h550,https://www.wildflower.org/plants/result.php?id_plant=ceca4,https://www.pleasantrunnursery.com/plant-name/Cercis-canadensis,,https://www.pinelandsnursery.com/cercis-canadensis-eastern-redbud-2-pot
Trees,CF,Cornus florida,Flowering dogwood,15 - 30,15 - 30,"White, Pink, Yellow, Green","Mar, Apr, May, Jun","Full Sun, Part Shade",Medium,"Deer, Clay Soil, Black Walnut",Medium,"Thickets, Stream, river  banks, Shaded  woods","Birds, Butterflies",USDA Hardiness Zone 5 to 9,,https://www.missouribotanicalgarden.org/PlantFinder/PlantFinderDetails.aspx?kempercode=c280,https://www.wildflower.org/plants/result.php?id_plant=cofl2,https://www.pleasantrunnursery.com/plant-name/Cornus-florida-Appalachian-Joy,,https://www.pinelandsnursery.com/cornus-florida-flowering-dogwood-7-pot
Trees,MV,Magnolia virginiana,Sweetbay magnolia,10 - 35,10 - 35,White,"Apr, May, Jun, Jul","Full Sun, Part Shade","Medium, Wet","Clay Soil, Wet Soil, Air Pollution",Low,"Open  woodlands, Shaded  woods, Swamps",,USDA Hardiness Zone 5 to 10,,https://www.missouribotanicalgarden.org/PlantFinder/PlantFinderDetails.aspx?kempercode=e110,https://www.wildflower.org/plants/result.php?id_plant=mavi2,https://www.pleasantrunnursery.com/plant-name/Magnolia-virginiana,,https://www.pinelandsnursery.com/magnolia-virginiana-sweetbay-magnolia-2-pot
