Plant Type,Key,Botanical Name,Common Name,Height (ft),Spread (ft),Bloom Color,Bloom Time,Sun,Water,AGCP Regional Status,Distribution Zone,Attracts,Tolerates,Soil Description,Condition Comments,Maintenance,Native Habitats,Culture,Uses,UseXYZ,WFMaintenance,Problems,Link: Missouri Botanical Garden,Link: Wildflower.org,Link: Pleasantrunnursery.com,Link: Newmoonnursery.com,Link: Pinelandsnursery.com
"Herbaceous, Perennial",AT,Amsonia tabernaemontana,EASTERN BLUE STAR,1 - 1.50,0.75 - 1,"Blue, Purple","Mar, Apr, May","Full Sun, Part Shade",medium,FACW,USDA Hardiness Zone 4 to 9,"Butterflies, Pollinators","Deer, Drought, Clay Soil","Wet to moist, sandy soils.",,Low,"Wet, sandy sites in thin woods & on plains.",,,,,,https://www.missouribotanicalgarden.org/PlantFinder/PlantFinderDetails.aspx?kempercode=t930,https://www.wildflower.org/plants/result.php?id_plant=amta2,https://www.pleasantrunnursery.com/plant-name/Amsonia-tabernaemontana-Storm-Cloud,https://newmoonnursery.com/nursery-plants/amsonia-tabernaemontana-v-montana/,https://www.pinelandsnursery.com/amsonia-hubrichtii
"Herbaceous, Perennial",AC,Aquilegia canadensis,RED COLUMBINE,2 - 3,1 - 1.50,"Red, Pink, Yellow","Feb, Mar, Apr, May, Jun, Jul","Full Sun, Part Shade",medium,FACU,USDA Hardiness Zone 3 to 8,Hummingbirds,"Deer, Drought, Rabbit, Dry Soil","Sandy, well-drained soils. Medium Loam, Sandy Loam, Limestone-based. Not too rich.",,Medium,Partly shaded to shaded woodland habitat with calcareous soils that are not too rich. Central Texas populations primarily in solution-pitted limestone areas in shade.,,,,,,https://www.missouribotanicalgarden.org/PlantFinder/PlantFinderDetails.aspx?kempercode=b400,https://www.wildflower.org/plants/result.php?id_plant=aqca,https://www.pleasantrunnursery.com/plant-name/Aquilegia-canadensis,https://newmoonnursery.com/nursery-plants/aquilegia-canadensis/,https://www.pinelandsnursery.com/aquilegia-canadensis-red-columbine-seed
"Herbaceous, Perennial",AT1,Arisaema triphyllum,JACK-IN-THE-PULPIT,1 - 2,1 - 1.50,"Green, Purple, Brown","Mar, Apr, May, Jun","Part Shade, Full Shade","medium, wet",FACW,USDA Hardiness Zone 4 to 9,,"Wet Soil, Heavy Shade, Black Walnut","Humus-rich, moist soils.",,Medium,"Forest, Woodland, Swamp, Marsh",,,,,,https://www.missouribotanicalgarden.org/PlantFinder/PlantFinderDetails.aspx?taxonid=276310,https://www.wildflower.org/plants/result.php?id_plant=artr,https://www.pleasantrunnursery.com/plant-name/Brunnera-macrophylla-Jack-Frost,,https://www.pinelandsnursery.com/search?query=Arisaema+triphyllum
"Herbaceous, Perennial",AI,Asclepias incarnata,SWAMP MILKWEED,3 - 4,2 - 3,"Pink, Purple","Jun, Jul, Aug, Sep, Oct",Full Sun,"medium, wet",OBL,USDA Hardiness Zone 3 to 6,"Hummingbirds, Butterflies","Deer, Clay Soil, Wet Soil","Rich, wet, very muddy to average garden moisture. One of the few ornamentals that thrives in mucky clay soils. Prefers neutral to slightly acidic soil but will tolerate heavy clay.",,Low,"Wet Meadow, Prairie, Field, Riparian, Swamp, Marsh. Most often found on the margins of flooded plains, lakes, ponds, waterways, marshes, swamps, and other wet areas.",,,,,,https://www.missouribotanicalgarden.org/PlantFinder/PlantFinderDetails.aspx?kempercode=g410,https://www.wildflower.org/plants/result.php?id_plant=asin,https://www.pleasantrunnursery.com/plant-name/Asclepias-incarnata,https://newmoonnursery.com/nursery-plants/asclepias-incarnata-ice-ballet/,https://www.pinelandsnursery.com/asclepias-incarnata-pulchra-seed
"Herbaceous, Perennial",AS,Asclepias syriaca,COMMON MILKWEED,2 - 3,0.75 - 1,"White, Purple","Jun, Jul, Aug",Full Sun,"dry, medium",UPL,USDA Hardiness Zone 3 to 9,Butterflies,"Deer, Drought, Erosion, Dry Soil, Shallow-Rocky Soil","Medium to fine sandy, clayey, or rocky calcareous soils. Also found in well-drained loamy soils.",,Low,"Old fields, roadsides, and waste places.",,,,,,https://www.missouribotanicalgarden.org/PlantFinder/PlantFinderDetails.aspx?kempercode=b480,https://www.wildflower.org/plants/result.php?id_plant=ASSY,https://www.pleasantrunnursery.com/plant-name/Asclepias-syriaca,https://newmoonnursery.com/nursery-plants/asclepias-verticillata/,https://www.pinelandsnursery.com/asclepias-syriaca
"Herbaceous, Perennial",AT2,Asclepias tuberosa,BUTTERFLY MILKWEED,1 - 2.50,1 - 1.50,"Orange, Yellow","May, Jun, Jul, Aug, Sep",Full Sun,"dry, medium",,USDA Hardiness Zone 3 to 9,Butterflies,"Deer, Drought, Erosion, Dry Soil, Shallow-Rocky Soil",Prefers well-drained sandy soils. Tolerates drought.,,Low,"Grows in prairies, open woods, canyons, and hillsides throughout most of the state, common in eastern two thirds of Texas, uncommon in the Hill Country. Plant in well-drained sand, loam, clay, or limestone.",,,,,,https://www.missouribotanicalgarden.org/PlantFinder/PlantFinderDetails.aspx?kempercode=b490,https://www.wildflower.org/plants/result.php?id_plant=astu,https://www.pleasantrunnursery.com/plant-name/Asclepias-tuberosa,https://newmoonnursery.com/nursery-plants/asclepias-tuberosa/,https://www.pinelandsnursery.com/asclepias-tuberosa-butterfly-weed-seed
"Herbaceous, Perennial",BA,Baptisia australis,BLUE WILD INDIGO,1.50 - 2,1.50 - 2,"Blue, Purple","Apr, May, Jun, Jul","Full Sun, Part Shade","dry, medium",,USDA Hardiness Zone 3 to 8,Butterflies,"Drought, Clay Soil, Erosion, Dry Soil, Shallow-Rocky Soil","Moist, well-drained, clays. Tolerates lime.",,Low,Wood edges; limestone glades; prairies,,,,,,https://www.missouribotanicalgarden.org/PlantFinder/PlantFinderDetails.aspx?kempercode=y810,https://www.wildflower.org/plants/result.php?id_plant=BAAU,https://www.pleasantrunnursery.com/plant-name/Baptisia-australis,https://newmoonnursery.com/nursery-plants/baptisia-australis/,https://www.pinelandsnursery.com/baptisia-australis-blue-wild-indigo-seed
"Herbaceous, Perennial",CP,Caltha palustris,MARSH MARIGOLD,1 - 1.50,1 - 1.50,Yellow,"Apr, May","Full Sun, Part Shade",wet,OBL,USDA Hardiness Zone 3 to 7,"Hummingbirds, Pollinators","Deer, Wet Soil, Wet Site Tolerant","Muddy, humus-rich soil.",,Low,"Wet woods, marshy hollows, stream edges",,,,,,https://www.missouribotanicalgarden.org/PlantFinder/PlantFinderDetails.aspx?kempercode=a635,https://www.wildflower.org/plants/result.php?id_plant=capa5,https://www.pleasantrunnursery.com/plant-name/Caltha-palustris,https://newmoonnursery.com/nursery-plants/caltha-palustris/,https://www.pinelandsnursery.com/rosa-palustris-swamp-rose-15pot
"Herbaceous, Perennial",CG,Chelone glabra,TURTLEHEAD,2 - 3,1.50 - 2.50,"White, Pink","Jul, Aug, Sep",Part Shade,"medium, wet",OBL,USDA Hardiness Zone 3 to 8,Butterflies,"Wet Soil, Erosion","Light, rich, wet to moist soils.",,Low,Brushy marshes; stream banks; wet ditches; low meadows; woodlands,,,,,,https://www.missouribotanicalgarden.org/PlantFinder/PlantFinderDetails.aspx?kempercode=j780,https://www.wildflower.org/plants/result.php?id_plant=chgl2,https://www.pleasantrunnursery.com/plant-name/Chelone-glabra,https://newmoonnursery.com/nursery-plants/chelone-glabra/,https://www.pinelandsnursery.com/carya-glabra-pignut-hickory-tree-tube
"Herbaceous, Perennial",CL,Coreopsis lanceolata,LANCELEAF TICKSEED,1 - 2,1 - 1.50,Yellow,"Apr, May, Jun",Full Sun,"dry, medium",UPL,USDA Hardiness Zone 4 to 9,Butterflies,"Deer, Drought, Dry Soil, Shallow-Rocky Soil","Sandy, gravelly soils. Sandy, Sandy Loam, Medium Loam, Clay Loam, Clay, Acid-based, Calcareous",,Medium,"Open woodlands, Prairie, Plains, Meadows, Pastures, Savannas",,,,,,https://www.missouribotanicalgarden.org/PlantFinder/PlantFinderDetails.aspx?kempercode=j880,https://www.wildflower.org/plants/result.php?id_plant=cola5,https://www.pleasantrunnursery.com/plant-name/Coreopsis-lanceolata,https://newmoonnursery.com/nursery-plants/coreopsis-lanceolata/,https://www.pinelandsnursery.com/coreopsis-lanceolata-lanceleaf-tickseed-seed
"Herbaceous, Perennial",EP,Echinacea purpurea,PURPLE CONEFLOWER,2 - 5,1.50 - 2,"Pink, Purple","Apr, May, Jun, Jul, Aug, Sep","Full Sun, Part Shade","dry, medium",,USDA Hardiness Zone 3 to 8,"Birds, Butterflies","Deer, Drought, Clay Soil, Dry Soil, Shallow-Rocky Soil","Well-drained, sandy or richer soils.",,Low,"Well-drained limestone, sand, clay, loam. Rocky, open woods; thickets; prairies.",,,,,,https://www.missouribotanicalgarden.org/PlantFinder/PlantFinderDetails.aspx?kempercode=c580,https://www.wildflower.org/plants/result.php?id_plant=ecpu,https://www.pleasantrunnursery.com/plant-name/Echinacea-purpurea,https://newmoonnursery.com/nursery-plants/echinacea-purpurea-white-swan/,https://www.pinelandsnursery.com/echinacea-purpurea-purple-coneflower-1-pot
"Herbaceous, Perennial",EC,Eupatorium coelestinum,BLUE MISTFLOWER,1.50 - 3,1.50 - 3,"Blue, Purple","Jul, Aug, Sep, Oct, Nov","Full Sun, Part Shade",medium,FAC,USDA Hardiness Zone 5 to 10,"Butterflies, Hummingbirds, Pollinators",Clay Soil Tolerant,"Moist loam, sand, or clay.",,Medium,Wood margins; stream banks; low woods; wet meadows; ditches,,,,,,https://www.missouribotanicalgarden.org/PlantFinder/PlantFinderDetails.aspx?kempercode=j870,https://www.wildflower.org/plants/result.php?id_plant=coco13,https://www.pleasantrunnursery.com/plant-name/Eupatorium-coelestinum,https://newmoonnursery.com/nursery-plants/eupatorium-coelestinum/,https://www.pinelandsnursery.com/conoclinium-coelestinum-blue-mistflower-2-plug
"Herbaceous, Perennial",ED,Eupatorium dubium,LITTLE JOE PYE WEED,3 - 4,1 - 3,"White, Pink, Purple","Jul, Aug, Sep, Oct","Full Sun, Part Shade","medium, wet",FACW,USDA Hardiness Zone 3 to 9,Butterflies,"Deer, Clay Soil, Wet Soil",,,Low,"moist, usually sandy acidic soil of swamps, bogs, marshes, swales",,,,,,https://www.missouribotanicalgarden.org/PlantFinder/PlantFinderDetails.aspx?kempercode=b781,https://www.wildflower.org/plants/result.php?id_plant=EUDU6,https://www.pleasantrunnursery.com/plant-name/Eupatorium-dubium-Baby-Joe,https://newmoonnursery.com/nursery-plants/eupatorium-dubium/,https://www.pinelandsnursery.com/eupatorium-perfoliatum-boneset-seed
"Herbaceous, Perennial",EM,Eupatorium maculatum,SPOTTED JOE PYE WEED,4 - 5,1.50 - 2,"Pink, Purple","Jul, Aug, Sep",Full Sun,"medium, wet",FAC,USDA Hardiness Zone 4 to 8,Butterflies,"Deer, Clay Soil, Wet Soil",Moist soils,,Low,Moist prairies; wood edges; wooded slopes,,,,,,https://www.missouribotanicalgarden.org/PlantFinder/PlantFinderDetails.aspx?taxonid=302488,https://www.wildflower.org/plants/result.php?id_plant=eupu21,https://www.pleasantrunnursery.com/plant-name/Eupatorium-maculatum-Gateway,https://newmoonnursery.com/nursery-plants/eupatorium-maculatum/,https://www.pinelandsnursery.com/eupatorium-perfoliatum-boneset-seed
"Herbaceous, Perennial",EP1,Eupatorium perfoliatum,COMMON BONESET,4 - 6,3 - 4,White,"Jun, Jul, Aug, Sep, Oct","Full Sun, Part Shade","medium, wet",FACW,USDA Hardiness Zone 3 to 8,Butterflies,"Deer, Clay Soil, Wet Soil",Moist to wet soils,,Low,Damp prairies; alluvial woods; bogs,,,,,,https://www.missouribotanicalgarden.org/PlantFinder/PlantFinderDetails.aspx?taxonid=277187,https://www.wildflower.org/plants/result.php?id_plant=eupe3,https://www.pleasantrunnursery.com/plant-name/Eupatorium-perfoliatum,https://newmoonnursery.com/nursery-plants/eupatorium-perfoliatum/,https://www.pinelandsnursery.com/eupatorium-perfoliatum-boneset-seed
"Herbaceous, Perennial",EP2,Eupatorium purpureum,JOE PYE WEED,5 - 7,2 - 4,"Pink, Purple","Jul, Aug, Sep","Full Sun, Part Shade",medium,FAC,USDA Hardiness Zone 4 to 9,Butterflies,"Deer, Clay Soil, Wet Soil",Moist soils,,Low,Moist prairies; wood edges; wooded slopes,,,,,,https://www.missouribotanicalgarden.org/PlantFinder/PlantFinderDetails.aspx?kempercode=c740,https://www.wildflower.org/plants/result.php?id_plant=eupu21,https://www.pleasantrunnursery.com/plant-name/Eupatorium-coelestinum,https://newmoonnursery.com/nursery-plants/eupatorium-purpureum/,https://www.pinelandsnursery.com/eupatorium-perfoliatum-boneset-seed
"Herbaceous, Perennial",ED1,Eurybia divaricata,WHITE WOOD ASTER,1 - 2.50,1.50 - 2.50,"White, Green, Brown","Aug, Sep, Oct, Nov","Part Shade, Full Shade","dry, medium",,USDA Hardiness Zone 3 to 8,Butterflies,"Drought, Heavy Shade, Dry Soil, Shallow-Rocky Soil","Tolerates dry soil, shade to part shade neutral to slightly acidic conditions.",,Low,Woodland,,,,,,https://www.missouribotanicalgarden.org/PlantFinder/PlantFinderDetails.aspx?kempercode=h170,https://www.wildflower.org/plants/result.php?id_plant=EUDI16,https://www.pleasantrunnursery.com/plant-name/Phlox-divaricata-Blue-Moon,https://newmoonnursery.com/nursery-plants/aster-divaricatus/,https://www.pinelandsnursery.com/eurybia-divaricata-white-wood-aster-seed
"Herbaceous, Perennial",HA,Helenium autumnale,COMMON SNEEZEWEED,3 - 5,2 - 3,Yellow,"Jul, Aug, Sep, Oct",Full Sun,"medium, wet",FACW,USDA Hardiness Zone 3 to 8,Butterflies,"Deer, Clay Soil, Wet Soil",Moist clay soils.,,Medium,"Moist, open areas along streams & ponds; wet meadows",,,,,,https://www.missouribotanicalgarden.org/plantfinder/plantfinderdetails.aspx?kempercode=c930,https://www.wildflower.org/plants/result.php?id_plant=heau,https://www.pleasantrunnursery.com/plant-name/Helenium-autumnale-Mariachi-Fuego,https://newmoonnursery.com/nursery-plants/helenium-autumnale/,https://www.pinelandsnursery.com/helenium-autumnale-sneezeweed-seed
"Herbaceous, Perennial",HH,Heliopsis helianthoides,SMOOTH OXEYE,3 - 6,2 - 4,Yellow,"Jun, Jul, Aug, Sep",Full Sun,"dry, medium",UPL,USDA Hardiness Zone 3 to 9,"Birds, Butterflies","Drought, Clay Soil, Erosion, Dry Soil, Shallow-Rocky Soil",Sandy soils.,,Low,"Moist to dry, open woodlands; prairies; fields",,,,,,https://www.missouribotanicalgarden.org/PlantFinder/PlantFinderDetails.aspx?kempercode=g520,https://www.wildflower.org/plants/result.php?id_plant=HEHE5,https://www.pleasantrunnursery.com/plant-name/Heliopsis-helianthoides,https://newmoonnursery.com/nursery-plants/heliopsis-helianthoides-var-scabra-burning-hearts/,https://www.pinelandsnursery.com/heliopsis-helianthoides-false-sunflower-seed
"Herbaceous, Perennial",HM,Hibiscus moscheutos,SWAMP ROSEMALLOW,3 - 7,2 - 4,"White, Pink","Jul, Aug, Sep",Full Sun,"medium, wet",OBL,USDA Hardiness Zone 5 to 9,Butterflies,Wet Soil,"Moist to wet, slightly acidic soils.",,Low,Swampy forests; wet meadows; marshes,,,,,,https://www.missouribotanicalgarden.org/plantfinder/PlantFinderDetails.aspx?taxonid=282590,https://www.wildflower.org/plants/result.php?id_plant=HIMO,https://www.pleasantrunnursery.com/plant-name/Hibiscus-moscheutos,https://newmoonnursery.com/nursery-plants/hibiscus-moscheutos/,https://www.pinelandsnursery.com/hibiscus-moscheutos-swamp-rose-mallow-seed
"Herbaceous, Perennial",IV,Iris versicolor,"BLUE FLAG, BLUE WATER IRIS",2 - 2.50,2 - 2.50,"Blue, Purple","May, Jun, Jul, Aug","Full Sun, Part Shade","medium, wet",OBL,USDA Hardiness Zone 3 to 9,,"Deer, Wet Soil, Wet Site Tolerant","Moist, rich soils.",,Low,Meadows; stream banks; marshes; swamps,,,,,,https://www.missouribotanicalgarden.org/PlantFinder/PlantFinderDetails.aspx?taxonid=281141,https://www.wildflower.org/plants/result.php?id_plant=irve2,https://www.pleasantrunnursery.com/plant-name/Iris-versicolor,https://newmoonnursery.com/nursery-plants/iris-versicolor/,https://www.pinelandsnursery.com/iris-versicolor-blue-flag-iris-1-pot
"Herbaceous, Perennial",LS,Liatris spicata,DENSE BLAZING STAR,1.50 - 2.50,0.50 - 1,Purple,"Jul, Aug, Sep",Full Sun,medium,FAC,USDA Hardiness Zone 3 to 8,"Birds, Hummingbirds, Butterflies","Drought, Clay Soil","Moist, average soils.",,Low,"Moist, wood openings; mesic prairies; marsh edges",,,,,,https://www.missouribotanicalgarden.org/PlantFinder/PlantFinderDetails.aspx?kempercode=d790,https://www.wildflower.org/plants/result.php?id_plant=lisp,https://www.pleasantrunnursery.com/plant-name/Liatris-spicata,https://newmoonnursery.com/nursery-plants/liatris-spicata-floristan-violet/,https://www.pinelandsnursery.com/liatris-spicata-dense-blazingstar-seed
"Herbaceous, Perennial",LS1,Lilium superbum,TURK'S CAP LILY,4 - 7,0.50 - 0.75,"Red, Orange, Yellow","Jul, Aug, Sep","Full Sun, Part Shade","medium, wet",FACW,USDA Hardiness Zone 5 to 8,Hummingbirds,Wet Soil,"Loam, Sand. Good drainage essential.",,Medium,"Wet meadows, swamps, and woods.",,,,,,https://www.missouribotanicalgarden.org/PlantFinder/PlantFinderDetails.aspx?kempercode=d880,https://www.wildflower.org/plants/result.php?id_plant=lisu,https://www.pleasantrunnursery.com/plant-name/Leucanthemum-x-superbum-Becky,,https://www.pinelandsnursery.com/search?query=Lilium+superbum
"Herbaceous, Perennial",LC,Lobelia cardinalis,CARDINAL FLOWER,2 - 4,1 - 2,Red,"May, Jun, Jul, Aug, Sep, Oct","Full Sun, Part Shade","medium, wet",FACW,USDA Hardiness Zone 3 to 9,"Hummingbirds, Butterflies","Deer, Wet Soil, Rabbit","Moist to wet, humus-rich soil. Medium Loam, Clay Loam, Limestone-based, Sandy, Sandy Loam, Clay",,Low,"Ditches, Ravines, Depressions, Woodlands' edge, Opening, Stream banks, Roadsides, Prairie, Plains, Meadows, Pastures, Savannas, Near lakes or ponds, Swamps",,,,,,https://www.missouribotanicalgarden.org/PlantFinder/PlantFinderDetails.aspx?kempercode=d940,https://www.wildflower.org/plants/result.php?id_plant=loca2,https://www.pleasantrunnursery.com/plant-name/Lobelia-cardinalis,https://newmoonnursery.com/nursery-plants/lobelia-cardinalis-new-moon-maroon/,https://www.pinelandsnursery.com/lobelia-cardinalis-cardinal-flower-1-pot
"Herbaceous, Perennial",LS2,Lobelia siphilitica,BLUE LOBELIA,2 - 3,1.50 - 2,Blue,"Jul, Aug, Sep, Oct","Full Sun, Part Shade","medium, wet",OBL,USDA Hardiness Zone 5 to 8,"Butterflies, Hummingbirds, Pollinators","Deer, Wet Soil, Black Walnut Tolerant, Wet Site Tolerant","Clay, Loam, Sand",,Low,"Open, wet woods; stream banks; marshes; meadows",,,,,,https://www.missouribotanicalgarden.org/PlantFinder/PlantFinderDetails.aspx?taxonid=292902,https://www.wildflower.org/plants/result.php?id_plant=losi,https://www.pleasantrunnursery.com/plant-name/Lobelia-siphilitica,https://newmoonnursery.com/nursery-plants/lobelia-siphilitica/,https://www.pinelandsnursery.com/lobelia-siphilitica-blue-lobelia-1-pot
"Herbaceous, Perennial",MR,Mimulus ringens,MONKEY FLOWER,1 - 3,0.75 - 1,"Red, Pink, Blue, Purple","Jun, Jul, Aug, Sep","Full Sun, Part Shade","medium, wet",OBL,USDA Hardiness Zone 3 to 8,"Butterflies, Hummingbirds, Pollinators","Deer, Wet Soil, Clay Soil Tolerant, Wet Site Tolerant",Loam,,Low,Wet meadows and streambanks.,,,,,,https://www.missouribotanicalgarden.org/PlantFinder/PlantFinderDetails.aspx?kempercode=z410,https://www.wildflower.org/plants/result.php?id_plant=MIRI,https://www.pleasantrunnursery.com/plant-name/Mimulus-ringens,,https://www.pinelandsnursery.com/mimulus-ringens-allegehney-monkey-flower-seed
"Herbaceous, Perennial",MD,Monarda didyma,BEE-BALM,2 - 4,2 - 3,Red,"May, Jun, Jul, Aug, Sep, Oct","Full Sun, Part Shade","medium, wet",FAC,USDA Hardiness Zone 4 to 9,"Hummingbirds, Butterflies","Deer, Clay Soil, Wet Soil, Rabbit, Black Walnut","Rich, moist, acid soils. Juglone tolerant.",,Medium,"Moist, open woods; meadows; stream banks; mountains to 6500 feet",,,,,,https://www.missouribotanicalgarden.org/PlantFinder/PlantFinderDetails.aspx?kempercode=q250,https://www.wildflower.org/plants/result.php?id_plant=MODI,https://www.pleasantrunnursery.com/plant-name/Monarda-didyma,https://newmoonnursery.com/nursery-plants/monarda-didyma-gardenview-scarlet/,https://www.pinelandsnursery.com/monarda-didyma-scarlet-beebalm-2-plug
"Herbaceous, Perennial",MF,Monarda fistulosa,WILD BERGAMOT,2 - 4,2 - 3,"White, Pink, Purple","May, Jun, Jul, Aug, Sep","Full Sun, Part Shade","dry, medium",FACU,USDA Hardiness Zone 3 to 9,"Hummingbirds, Butterflies","Deer, Drought, Clay Soil, Dry Soil, Shallow-Rocky Soil, Black Walnut","Thrives in a wide range of soils, from acid to lime to rich to poor to sand to clay. Less tolerant of flooding, but can take it in the winter.",,Medium,"Grows in dry open woods, fields, wet meadows and ditches, and at the edges of woods and marshes in the eastern fourth of Texas. Well-drained but moist sand, loam, clay; acidic or calcareous soils. Zones 4 to 8.",,,,,,https://www.missouribotanicalgarden.org/PlantFinder/PlantFinderDetails.aspx?kempercode=g560,https://www.wildflower.org/plants/result.php?id_plant=mofi,https://www.pleasantrunnursery.com/plant-name/Monarda-fistulosa,https://newmoonnursery.com/nursery-plants/monarda-fistulosa-claire-grace/,https://www.pinelandsnursery.com/monarda-fistulosa-wild-bergamot-seed
"Herbaceous, Perennial",PD,Penstemon digitalis,FOXGLOVE BEARDTONGUE,3 - 5,1.50 - 2,White,"May, Jun, Jul",Full Sun,"dry, medium",FAC,USDA Hardiness Zone 3 to 8,"Hummingbirds, Butterflies","Deer, Drought, Clay Soil, Dry Soil","Fertile, well-drained loams, clay loams, and sand. Acid preferably but tolerates lime.",,Medium,"Low, moist areas; prairies; open woodlands",,,,,,https://www.missouribotanicalgarden.org/PlantFinder/PlantFinderDetails.aspx?kempercode=g590,https://www.wildflower.org/plants/result.php?id_plant=pedi,https://www.pleasantrunnursery.com/plant-name/Penstemon-digitalis,https://newmoonnursery.com/nursery-plants/penstemon-digitalis-pocahontas/,https://www.pinelandsnursery.com/penstemon-digitalis-foxglove-beardtongue-1-pot
"Herbaceous, Perennial",PD1,Phlox divaricta,WOODLAND PHLOX,0.75 - 1,0.75 - 1,"White, Red, Pink, Purple","Mar, Apr, May","Part Shade, Full Shade",medium,FACU,USDA Hardiness Zone 3 to 8,"Hummingbirds, Butterflies","Deer, Drought, Clay Soil, Dry Soil","Rich, moist, acid soils, but also found in calcareous areas. Sandy, Sandy Loam, Medium Loam, Clay Loam, Clay.",,Medium,"Moist, rich, ",,,,,,https://www.missouribotanicalgarden.org/PlantFinder/PlantFinderDetails.aspx?kempercode=e580,https://www.wildflower.org/plants/result.php?id_plant=PHDI5,https://www.pleasantrunnursery.com/plant-name/Phlox-divaricata-Blue-Moon,https://newmoonnursery.com/nursery-plants/phlox-subulata-emerald-pink/,https://www.pinelandsnursery.com/search?query=Phlox+divaricta
"Herbaceous, Perennial",PP,Phlox paniculata,GARDEN PHLOX,2 - 4,1.50 - 3,"Pink, Purple","Jun, Jul, Aug","Full Sun, Part Shade",medium,FACU,USDA Hardiness Zone 4 to 8,"Hummingbirds, Butterflies","Deer, Clay Soil, Black Walnut","Organic, Loam",,Medium,"Rich, open woods; thickets; meadows; moist roadsides",,,,,,https://www.missouribotanicalgarden.org/PlantFinder/PlantFinderDetails.aspx?kempercode=f222,https://www.wildflower.org/plants/result.php?id_plant=phpa9,https://www.pleasantrunnursery.com/plant-name/Phlox-paniculata-Blue-Paradise,https://newmoonnursery.com/nursery-plants/phlox-paniculata-jeana/,https://www.pinelandsnursery.com/search?query=Phlox+paniculata
"Herbaceous, Perennial",PS,Phlox stolonifera,CREEPING PHLOX,0.50 - 1,0.75 - 1.50,"White, Blue, Purple","Apr, May","Full Sun, Part Shade",medium,,USDA Hardiness Zone 5 to 9,"Butterflies, Pollinators","Deer, Drought, Rabbit, Air Pollution, Clay Soil Tolerant",Humus-rich soil.,,Low,Woods & wooded stream banks,,,,,,https://www.missouribotanicalgarden.org/PlantFinder/PlantFinderDetails.aspx?taxonid=285438,https://www.wildflower.org/plants/result.php?id_plant=PHST3,https://www.pleasantrunnursery.com/plant-name/Phlox-stolonifera-Blue-Ridge,https://newmoonnursery.com/nursery-plants/phlox-stolonifera/,https://www.pinelandsnursery.com/search?query=Phlox+stolonifera
"Herbaceous, Perennial",PV,Physostegia virginiana,FALSE DRAGONHEAD,3 - 4,2 - 3,"White, Pink, Purple","Aug, Sep, Oct, Nov",Full Sun,medium,FACW,USDA Hardiness Zone 3 to 9,Hummingbirds,"Deer, Clay Soil","Moist, humus-rich soils.",,Medium,"River banks; wet thickets; prairies, River banks, swamps, and low grounds in East and North Central Texas. Sand, clay, limestone; poor drainage okay.",,,,,,https://www.missouribotanicalgarden.org/PlantFinder/PlantFinderDetails.aspx?kempercode=g620,https://www.wildflower.org/plants/result.php?id_plant=phvi8,https://www.pleasantrunnursery.com/plant-name/Physostegia-virginiana-Miss-Manners,https://newmoonnursery.com/nursery-plants/physostegia-virginiana-vivid/,https://www.pinelandsnursery.com/rosa-virginiana-virginia-rose-1-pot
"Herbaceous, Perennial",PV1,Pycnanthemum virginianum,VIRGINIA MOUNTAIN-MINT,2 - 3,1 - 1.50,"White, Purple","Jun, Jul",Full Sun,medium,,USDA Hardiness Zone 3 to 7,"Butterflies, Pollinators","Clay Soil Tolerant, Wet Site Tolerant","Mesic to dry, rich soils.",,Low,Thickets; pastures,,,,,,https://www.missouribotanicalgarden.org/PlantFinder/PlantFinderDetails.aspx?kempercode=l880,https://www.wildflower.org/plants/result.php?id_plant=PYIN,https://www.pleasantrunnursery.com/plant-name/Pycnanthemum-virginianum,https://newmoonnursery.com/nursery-plants/pycnanthemum-virginianum/,https://www.pinelandsnursery.com/pycnanthemum-virginianum-virginia-mountain-mint-seed
"Herbaceous, Perennial",RF,Rudbeckia fulgida,ORANGE CONEFLOWER,2 - 3,2 - 2.50,"Orange, Yellow","Jul, Aug, Sep, Oct",Full Sun,"dry, medium",FAC,USDA Hardiness Zone 3 to 9,"Birds, Butterflies","Deer, Drought, Clay Soil, Dry Soil, Shallow-Rocky Soil, Air Pollution",Various soils.,,Low,Open woods; meadows; pastures,,,,,,https://www.missouribotanicalgarden.org/PlantFinder/PlantFinderDetails.aspx?kempercode=g630,https://www.wildflower.org/plants/result.php?id_plant=rufu2,https://www.pleasantrunnursery.com/plant-name/Rudbeckia-fulgida-var-deamii,https://newmoonnursery.com/nursery-plants/rudbeckia-fulgida-v-fulgida/,https://www.pinelandsnursery.com/rudbeckia-fulgida-orange-coneflower-1-pot
"Herbaceous, Perennial",RH,Rudbeckia hirta,BLACK-EYED SUSAN,1 - 1.50,1 - 1.50,Yellow,"Jun, Jul, Aug, Sep, Oct",Full Sun,medium,FACU,USDA Hardiness Zone 3 to 8,Butterflies,"Deer, Drought, Clay Soil","Moist to dry, well-drained soils. Juglones tolerant",,Low,"Prairie, Plains, Meadows, Pastures, Savannas, Woodlands' edge, Opening",,,,,,https://www.missouribotanicalgarden.org/PlantFinder/PlantFinderDetails.aspx?taxonid=298813,https://www.wildflower.org/plants/result.php?id_plant=ruhi2,https://www.pleasantrunnursery.com/plant-name/Rudbeckia-hirta,https://newmoonnursery.com/nursery-plants/6872-2/,https://www.pinelandsnursery.com/rudbeckia-hirta-black-eyed-susan-seed
"Herbaceous, Perennial",RL,Rudbeckia laciniata,CUTLEAF CONEFLOWER,2 - 9,1.50 - 3,Yellow,"Jul, Aug, Sep, Oct","Full Sun, Part Shade",medium,FACW,USDA Hardiness Zone 3 to 9,Butterflies,Deer,"Moist, slightly acid soil.",,Medium,"Low, rich woods; wet fields; alluvial thickets",,,,,,https://www.missouribotanicalgarden.org/PlantFinder/PlantFinderDetails.aspx?kempercode=m200,https://www.wildflower.org/plants/result.php?id_plant=rula3,https://www.pleasantrunnursery.com/plant-name/Rudbeckia-laciniata,https://newmoonnursery.com/nursery-plants/rudbeckia-laciniata/,https://www.pinelandsnursery.com/rudbeckia-laciniata-seed
"Herbaceous, Perennial",SP,Siphium perfoliatum,CUP-PLANT,4 - 8,1 - 3,Yellow,"Jul, Aug, Sep",Full Sun,"medium, wet",FAC,USDA Hardiness Zone 3 to 9,"Birds, Butterflies","Clay Soil, Wet Soil",Wet to mesic soils. Will tolerate clay soil.,,Low,Moist woods; prairies; low ground,,,,,,https://www.missouribotanicalgarden.org/PlantFinder/PlantFinderDetails.aspx?kempercode=g650,https://www.wildflower.org/plants/result.php?id_plant=SIPE2,https://www.pleasantrunnursery.com/plant-name/Eupatorium-perfoliatum,,https://www.pinelandsnursery.com/eupatorium-perfoliatum-boneset-seed
"Herbaceous, Perennial",SR,Smilacina raceoscum,FALSE SOLOMON’S SEA,2 - 3,1.50 - 2,White,,"Part Shade, Full Shade",medium,FACU,USDA Hardiness Zone 3 to 8,"Butterflies, Pollinators",Drought Tolerant,,,Medium,,,,,,,https://www.missouribotanicalgarden.org/PlantFinder/PlantFinderDetails.aspx?kempercode=m390,https://www.wildflower.org/plants/result.php?id_plant=MARA7,https://www.pleasantrunnursery.com/plant-name/Baptisia-alba-var-macrophylla,,https://www.pinelandsnursery.com/search?query=Smilacina+raceoscum
"Herbaceous, Perennial",SN,Solidago nemoralis,GRAY GOLDENROD,0.50 - 2,0.50 - 2,Yellow,"Aug, Sep, Oct",Full Sun,"dry, medium",FACW,USDA Hardiness Zone 3 to 9,Butterflies,"Deer, Drought, Dry Soil, Shallow-Rocky Soil",,,Low,,,,,,,https://www.missouribotanicalgarden.org/PlantFinder/PlantFinderDetails.aspx?taxonid=277240,https://www.wildflower.org/plants/result.php?id_plant=sogi,https://www.pleasantrunnursery.com/plant-name/Solidago-nemoralis,https://newmoonnursery.com/nursery-plants/solidago-nemoralis/,https://www.pinelandsnursery.com/solidago-nemoralis-gray-goldenrod-seed
"Herbaceous, Perennial",SS,Solidago sempervirens,GOLDENROD,2 - 3,2 - 3,Yellow,"Aug, Sep, Oct",Full Sun,"dry, medium",FACW,USDA Hardiness Zone 3 to 8,Butterflies,"Deer, Drought, Clay Soil",Sandy soils.,,Medium,Saline places along the coast,,,,,,https://www.missouribotanicalgarden.org/PlantFinder/PlantFinderDetails.aspx?kempercode=g690,https://www.wildflower.org/plants/result.php?id_plant=sose,https://www.pleasantrunnursery.com/plant-name/Buxus-sempervirens,https://newmoonnursery.com/nursery-plants/aster-puniceus/,https://www.pinelandsnursery.com/solidago-sempervirens-seaside-goldenrod-2-plug
"Herbaceous, Perennial",SL,Stokesia laevis,STOKES’ ASTER,1 - 2,1 - 1.50,"White, Blue, Purple","May, Jun, Jul, Aug, Sep",Full Sun,medium,FAC,USDA Hardiness Zone 5 to 9,"Butterflies, Pollinators","Drought, Rabbit, Drought Tolerant","Moist, rich, well-drained soil, acidic sands preferred.",,Low,"Coastal plains, bogs, pine savanna, and open woodlands.",,,,,,https://www.missouribotanicalgarden.org/PlantFinder/PlantFinderDetails.aspx?kempercode=i900,https://www.wildflower.org/plants/result.php?id_plant=stla6,https://www.pleasantrunnursery.com/plant-name/Stokesia-laevis-Peachie-s-Pick,https://newmoonnursery.com/nursery-plants/coreopsis-verticillata-zagreb/,https://www.pinelandsnursery.com/search?query=Stokesia+laevis
"Herbaceous, Perennial",SL1,Symphyotrichum laeve,SMOOTH ASTER,2 - 4,1 - 2,"Blue, Purple","Aug, Sep, Oct",Full Sun,"dry, medium",,USDA Hardiness Zone 3 to 8,Butterflies,"Drought, Erosion, Dry Soil, Shallow-Rocky Soil",Variable.,,Low,Open woods; dry to mesic prairies,,,,,,https://www.missouribotanicalgarden.org/PlantFinder/PlantFinderDetails.aspx?kempercode=g420,https://www.wildflower.org/plants/result.php?id_plant=sylal3,https://www.pleasantrunnursery.com/plant-name/Aster-laeve,https://newmoonnursery.com/nursery-plants/aster-laevis/,https://www.pinelandsnursery.com/symphyotrichum-laeve-smooth-aster-seed
"Herbaceous, Perennial",SN1,Symphyotrichum novae,NEW ENGLAND ASTER,3 - 6,2 - 3,"Pink, Purple","Aug, Sep, Oct",Full Sun,medium,FACW,USDA Hardiness Zone 4 to 8,Butterflies,Clay Soil,Moist soils.,,Medium,"Moist, open, wooded areas; meadows; mesic prairies; disturbed sites; stream banks",,,,,,https://www.missouribotanicalgarden.org/PlantFinder/PlantFinderDetails.aspx?kempercode=b540,https://www.wildflower.org/plants/result.php?id_plant=syno2,https://www.pleasantrunnursery.com/plant-name/Aster-novae-angliae,https://newmoonnursery.com/nursery-plants/aster-novae-angliae/,https://www.pinelandsnursery.com/symphyotrichum-novae-angliae-new-england-aster-seed
"Herbaceous, Perennial",SN2,Symphyotrichum novi,NEW YORK ASTER,3 - 4,2 - 3,"White, Pink, Purple","Aug, Sep",Full Sun,"medium, wet",,USDA Hardiness Zone 4 to 8,Butterflies,"Clay Soil, Wet Soil",,,Low,,,,,,,https://www.missouribotanicalgarden.org/PlantFinder/PlantFinderDetails.aspx?taxonid=371788,https://www.wildflower.org/plants/result.php?id_plant=SYNOV,https://www.pleasantrunnursery.com/plant-name/Aster-novi-belgii,https://newmoonnursery.com/nursery-plants/aster-novi-belgii/,https://www.pinelandsnursery.com/symphyotrichum-novi-belgii-new-york-aster-seed
"Herbaceous, Perennial",TC,Tiarella cordifolia,FOAM FLOWER,0.75 - 1,1 - 2,White,"Apr, May, Jun, Jul","Part Shade, Full Shade",medium,FAC,USDA Hardiness Zone 4 to 9,Pollinators,"Deer, Rabbit, Clay Soil Tolerant","Moist, well-drained, humus-rich soils.",,Low,"Cool, moist, ",,,,,,https://www.missouribotanicalgarden.org/PlantFinder/PlantFinderDetails.aspx?kempercode=f990,https://www.wildflower.org/plants/result.php?id_plant=TICO,https://www.pleasantrunnursery.com/plant-name/Tiarella-cordifolia,https://newmoonnursery.com/nursery-plants/tiarella-cordifolia-brandywine/,https://www.pinelandsnursery.com/search?query=Tiarella+cordifolia
"Herbaceous, Perennial",VH,Verbena hastata,BLUE VERVAIN,2 - 6,1 - 2.50,"Blue, Purple","Jun, Jul, Aug, Sep",Full Sun,"medium, wet",FAC,USDA Hardiness Zone 3 to 8,"Hummingbirds, Butterflies",Wet Soil,Moist soils.,,Low,Moist prairies; damp thickets.,,,,,,https://www.missouribotanicalgarden.org/PlantFinder/PlantFinderDetails.aspx?kempercode=z370,https://www.wildflower.org/plants/result.php?id_plant=veha2,https://www.pleasantrunnursery.com/plant-name/Verbena-hastata,https://newmoonnursery.com/nursery-plants/verbena-hastata-pink-spires/,https://www.pinelandsnursery.com/verbena-hastata-blue-vervain-seed
"Herbaceous, Perennial",VN,Vernonia noveboracensis,NEW YORK IRONWEED,4 - 6,3 - 4,"Pink, Purple","Jun, Jul, Aug, Sep, Oct",Full Sun,"medium, wet",OBL,USDA Hardiness Zone 5 to 9,"Butterflies, Hummingbirds, Pollinators","Deer, Clay Soil, Wet Soil, Wet Site Tolerant","Rich, wet, very muddy to average garden moisture. One of the few ornamentals that thrives in mucky clay soils. Prefers neutral to slightly acidic soil but will tolerate heavy clay.",,Low,"Wet Meadow, Prairie, Field, Riparian, Swamp, Marsh. Most often found on the margins of flooded plains, lakes, ponds, waterways, marshes, swamps, and other wet areas.",,,,,,https://www.missouribotanicalgarden.org/PlantFinder/PlantFinderDetails.aspx?kempercode=g160,https://www.wildflower.org/plants/result.php?id_plant=asin,https://www.pleasantrunnursery.com/plant-name/Vernonia-noveboracensis,https://newmoonnursery.com/nursery-plants/veronicastrum-virginicum/,https://www.pinelandsnursery.com/vernonia-noveboracensis-new-york-ironweed-seed
"Herbaceous, Perennial",VV,Veronicastrum virginicum,CULVER’S ROOT,4 - 7,2 - 4,"White, Pink, Blue","Jul, Aug, Sep",Full Sun,"medium, wet",FACW,USDA Hardiness Zone 3 to 8,Butterflies,Wet Soil,"Moist, rich soils.",,Low,Moist prairies; woods; stream banks,,,,,,https://www.missouribotanicalgarden.org/PlantFinder/PlantFinderDetails.aspx?kempercode=g180,https://www.wildflower.org/plants/result.php?id_plant=vevi4,https://www.pleasantrunnursery.com/plant-name/Veronicastrum-virginicum,https://newmoonnursery.com/nursery-plants/veronicastrum-virginicum/,https://www.pinelandsnursery.com/veronicastrum-virginicum
Ferns,AF,Athyrium filix,LADY FERN,1 - 3,1 - 2.50,Not Applicable,,"Part Shade, Full Shade",medium,,USDA Hardiness Zone 4 to 8,,"Rabbit, Heavy Shade","Moist, humus-rich soils.",,Low,"Forest, Woodland, Wet Meadow, Prairie, Field, Swamp, Marsh, Lakeshores",,,,,,https://www.missouribotanicalgarden.org/PlantFinder/PlantFinderDetails.aspx?kempercode=b630,https://www.wildflower.org/plants/result.php?id_plant=ATFI,https://www.pleasantrunnursery.com/plant-name/Athyrium-filix-femina,https://newmoonnursery.com/nursery-plants/tiarella-cordifolia-wherryi/,https://www.pinelandsnursery.com/search?query=Athyrium+filix
Ferns,DM,Dryopteris marginalis,MARGINAL WOODLAND FERN,1.50 - 2,1.50 - 2,Not Applicable,"May, Jun","Part Shade, Full Shade",medium,,USDA Hardiness Zone 3 to 8,,"Deer, Rabbit, Heavy Shade, Dry Shade Tolerant","Muddy, acid soils. Sandy, Sandy Loam, Medium Loam, Clay Loam, Clay, Acid-based, Calcareous",,Low,Boggy areas; shaded ledges; bluffs,,,,,,https://www.missouribotanicalgarden.org/PlantFinder/PlantFinderDetails.aspx?kempercode=k170,https://www.wildflower.org/plants/result.php?id_plant=OSCI,https://www.pleasantrunnursery.com/plant-name/Dryopteris-marginalis,https://newmoonnursery.com/nursery-plants/polemonium-reptans/,https://www.pinelandsnursery.com/dryopteris-marginalis-marginal-woodfern-tubeling
Ferns,MS,Matteuccia struthiopteris,OSTRICH FERN,3 - 6,3 - 5,Not Applicable,,"Part Shade, Full Shade","medium, wet",FACW,USDA Hardiness Zone 3 to 7,,"Clay Soil, Wet Soil, Black Walnut Tolerant, Deer, Rabbit, Heavy Shade, Erosion, Clay Soil Tolerant, Wet Site Tolerant","Cool, wet, sandy soils.",,Medium,Swamps; bottomland woods & thickets,,,,,,https://www.missouribotanicalgarden.org/PlantFinder/PlantFinderDetails.aspx?taxonid=272444,https://www.wildflower.org/plants/result.php?id_plant=MAST,https://www.pleasantrunnursery.com/plant-name/Matteuccia-struthiopteris,,https://www.pinelandsnursery.com/matteuccia-struthiopteris-ostrich-fern-tubeling
Ferns,OS,Onoclea Sensibilis,SENSITIVE FERN,3 - 4,3 - 4,Not Applicable,"Jun, Jul, Aug, Sep, Oct, Nov","Part Shade, Full Shade","medium, wet",FACW,USDA Hardiness Zone 4 to 8,,"Clay Soil, Wet Soil, Black Walnut Tolerant, Rabbit, Heavy Shade, Black Walnut, Clay Soil Tolerant, Wet Site Tolerant","Various loose, acidic, moist to wet soils. Sandy, Sandy Loam, Medium Loam, Limestone-based.",,Medium,"Moist woodlands, floodplains, stream banks, swamps, marshes",,,,,,https://www.missouribotanicalgarden.org/PlantFinder/PlantFinderDetails.aspx?kempercode=l300,https://www.wildflower.org/plants/result.php?id_plant=ONSE,https://www.pleasantrunnursery.com/plant-name/Onoclea-sensibilis,,https://www.pinelandsnursery.com/onoclea-sensibilis-sensitive-fern-tubeling
Ferns,OC,Osmunda cinnamomea,CINNAMON FERN,2 - 3,2 - 3,Not Applicable,"May, Jun","Part Shade, Full Shade","medium, wet",,USDA Hardiness Zone 3 to 9,,"Black Walnut Tolerant, Rabbit, Heavy Shade, Black Walnut, Wet Site Tolerant","Muddy, acid soils. Sandy, Sandy Loam, Medium Loam, Clay Loam, Clay, Acid-based, Calcareous",,Low,Boggy areas; shaded ledges; bluffs,,,,,,https://www.missouribotanicalgarden.org/PlantFinder/PlantFinderDetails.aspx?kempercode=i570,https://www.wildflower.org/plants/result.php?id_plant=OSCI,https://www.pleasantrunnursery.com/plant-name/Osmunda-cinnamomea,https://newmoonnursery.com/nursery-plants/luzula-acuminata/,https://www.pinelandsnursery.com/osmunda-cinnamomea-cinnamon-fern-1-pot
Ferns,OR,Osmunda regalis,ROYAL FERN,2 - 3,2 - 3,Not Applicable,,"Part Shade, Full Shade","medium, wet",,USDA Hardiness Zone 3 to 9,,"Wet Soil, Rabbit, Heavy Shade, Clay Soil Tolerant, Wet Site Tolerant","Various wet soils. Sandy, Sandy Loam, Medium Loam, Clay Loam, Clay, Limestone-based",,Low,Swamps; marshes; stream banks; moist depressions in savannas & prairies,,,,,,https://www.missouribotanicalgarden.org/PlantFinder/PlantFinderDetails.aspx?kempercode=l320,https://www.wildflower.org/plants/result.php?id_plant=osre,https://www.pleasantrunnursery.com/plant-name/Royal_Fern,,https://www.pinelandsnursery.com/osmunda-regalis-royal-fern-tubeling
Ferns,PA,Polystichum acrostichoides,CHRISTMAS FERN,1 - 2,1 - 2,Not Applicable,,"Part Shade, Full Shade","dry, medium",FACU,USDA Hardiness Zone 3 to 9,,"Deer, Drought, Rabbit, Heavy Shade, Erosion, Dry Soil, Shallow-Rocky Soil, Dry Shade Tolerant","Moist, acid, humus-rich soils. Sandy, Sandy Loam, Medium Loam, Acid-based. Best in rocky or sandy soils.",,Low,"Rich, rocky woods; stream banks; swamps; thickets",,,,,,https://www.missouribotanicalgarden.org/PlantFinder/PlantFinderDetails.aspx?kempercode=a710,https://www.wildflower.org/plants/result.php?id_plant=poac4,https://www.pleasantrunnursery.com/plant-name/Polystichum-acrostichoides,https://newmoonnursery.com/nursery-plants/tiarella-cordifolia-wherryi/,https://www.pinelandsnursery.com/polystichum-acrostichoides-christmas-fern-tubeling
"Grasses, Sedges, and Rushes",AG,Andropogon gerardii,BIG BLUESTEM,4 - 6,2 - 3,"Red, Blue, Brown","Aug, Sep, Oct, Nov",Full Sun,"dry, medium",FAC,USDA Hardiness Zone 4 to 9,"Pollinators, Food Source for Wildlife","Deer, Drought, Erosion, Dry Soil, Black Walnut, Air Pollution, Clay Soil Tolerant, Salt Tolerant","Acid or calcareous sands, loams, and clays.",,Low,"Usually in low meadows and prairies, rare in extreme west. Most abundant in the central plains but also a prairie component in moist grasslands all the way to the east coast.",,,,,,https://www.missouribotanicalgarden.org/PlantFinder/PlantFinderDetails.aspx?kempercode=g720,https://www.wildflower.org/plants/result.php?id_plant=ange,https://www.pleasantrunnursery.com/plant-name/Andropogon-gerardii-Blackhawks,https://newmoonnursery.com/nursery-plants/andropogon-gerardii-holy-smoke/,https://www.pinelandsnursery.com/andropogon-gerardii-big-bluestem-seed
"Grasses, Sedges, and Rushes",CA,Carex amphibola,CREEK SEDGE,0.50 - 1,0.50 - 1,Not Applicable,"Mar, Apr, May, Jun","Part Shade, Full Shade","dry, medium",FACW,USDA Hardiness Zone 3 to 8,,"Wet Soil, Heavy Shade, Drought Tolerant, Dry Shade Tolerant",,,Low,,,,,,,https://www.missouribotanicalgarden.org/PlantFinder/PlantFinderDetails.aspx?kempercode=f237,https://www.wildflower.org/plants/result.php?id_plant=caam8,https://www.pleasantrunnursery.com/plant-name/Carex-albicans,https://newmoonnursery.com/nursery-plants/carex-amphibola/,https://www.pinelandsnursery.com/carex-stricta-tussock-sedge-seed
"Grasses, Sedges, and Rushes",CC,Carex crinita,FRINGED SEDGE,1 - 3,1 - 2,Not Applicable,"June, August","Full Sun, Part Shade","medium, wet",FACW,USDA Hardiness Zone 3 to 8,Birds,"Deer, Wet Soil, Erosion",,,Low,Riparian,,,,,,https://www.missouribotanicalgarden.org/PlantFinder/PlantFinderDetails.aspx?taxonid=279732,https://www.wildflower.org/plants/result.php?id_plant=cacr6,https://www.pleasantrunnursery.com/plant-name/Carex-albicans,https://newmoonnursery.com/nursery-plants/carex-crinita/,https://www.pinelandsnursery.com/carex-crinita-fringed-sedge-2-plug
"Grasses, Sedges, and Rushes",CG1,Carex grayi,GRAY SEDGE,2 - 3,1.50 - 2,Not Applicable,"May, Jun, Jul, Aug","Full Sun, Part Shade","medium, wet",FACW,USDA Hardiness Zone 5 to 9,,"Deer, Wet Soil, Erosion, Salt Tolerant, Wet Site Tolerant",,,Low,,,,,,,https://www.missouribotanicalgarden.org/PlantFinder/PlantFinderDetails.aspx?taxonid=279804,https://www.wildflower.org/plants/result.php?id_plant=CAGR5,https://www.pleasantrunnursery.com/plant-name/Carex-grayi,https://newmoonnursery.com/nursery-plants/carex-grayi/,https://www.pinelandsnursery.com/carex-stricta-tussock-sedge-seed
"Grasses, Sedges, and Rushes",CL1,Carex laxiculmis,CREEPING SEDGE,0.50 - 1,0.50 - 1,"Green, Brown","Mar, Apr, May, Jun","Part Shade, Full Shade","medium, wet",,USDA Hardiness Zone 5 to 9,,"Deer, Wet Soil, Heavy Shade",,,Low,"Low, wet, ",,,,,,https://www.missouribotanicalgarden.org/PlantFinder/PlantFinderDetails.aspx?taxonid=279805,https://www.wildflower.org/plants/result.php?id_plant=CALAL4,https://www.pleasantrunnursery.com/plant-name/Carex-laxiculmis-Bunny-Blue,https://newmoonnursery.com/nursery-plants/carex-laxiculmis/,https://www.pinelandsnursery.com/carex-stricta-tussock-sedge-seed
"Grasses, Sedges, and Rushes",CP1,Carex pensylvanica,PENNSYLVANIA SEDGE,0.50 - 1,0.50 - 1,Not Applicable,"May, Jun, Jul","Part Shade, Full Shade","dry, medium",,USDA Hardiness Zone 3 to 8,,"Wet Soil, Deer, Heavy Shade, Dry Shade Tolerant, Foot Traffic Tolerant, Wet Site Tolerant",Dry to moist soils.,,Low,Dry to moist woods,,,,,,https://www.missouribotanicalgarden.org/PlantFinder/PlantFinderDetails.aspx?kempercode=f237,https://www.wildflower.org/plants/result.php?id_plant=cape6,https://www.pleasantrunnursery.com/plant-name/Carex-pensylvanica,https://newmoonnursery.com/nursery-plants/carex-pensylvanica/,https://www.pinelandsnursery.com/carex-pensylvanica-pennsylvania-sedge-2-plug
"Grasses, Sedges, and Rushes",CP2,Carex plantaginea,SEERSUCKER SEDGE,2 - 3,1.50 - 2,"White, Green, Brown","Apr, May, Jun","Full Sun, Part Shade",wet,OBL,USDA Hardiness Zone 4 to 8,Food Source for Wildlife,"Deer, Wet Soil, Erosion, Wet Site Tolerant",,,Low,,,,,,,https://www.missouribotanicalgarden.org/PlantFinder/PlantFinderDetails.aspx?taxonid=279765&isprofile=1&gen=Carex,https://www.wildflower.org/plants/result.php?id_plant=CAAL3,https://www.pleasantrunnursery.com/plant-name/Carex-plantaginea,https://newmoonnursery.com/nursery-plants/carex-plantaginea/,https://www.pinelandsnursery.com/carex-plantaginea-1-pot
"Grasses, Sedges, and Rushes",CS,Carex stipata,AWL-FRUITED SEDGE,1 - 3,1 - 2,Not Applicable,"Apr, May, Jun, Jul, Aug","Full Sun, Part Shade","medium, wet",OBL,USDA Hardiness Zone 3 to 8,,"Deer, Erosion, Drought Tolerant, Dry Shade Tolerant",Wet soil to standing water.,,Low,"Low, wet grounds",,,,,,https://www.missouribotanicalgarden.org/PlantFinder/PlantFinderDetails.aspx?taxonid=279745,https://www.wildflower.org/plants/result.php?id_plant=cast5,https://www.pleasantrunnursery.com/plant-name/Carex-albicans,,https://www.pinelandsnursery.com/carex-stipata-awl-fruit-sedge-2-plug
"Grasses, Sedges, and Rushes",CS1,Carex stricta,TUSSOCK SEDGE,1 - 3,1 - 2,Not Applicable,"May, Jun","Full Sun, Part Shade","medium, wet",OBL,USDA Hardiness Zone 3 to 8,,"Deer, Erosion, Drought Tolerant, Dry Shade Tolerant",Wet soil to standing water.,,Low,Acid or neutral swamps; swales; low woods,,,,,,https://www.missouribotanicalgarden.org/PlantFinder/PlantFinderDetails.aspx?kempercode=d584,https://www.wildflower.org/plants/result.php?id_plant=CAST8,https://www.pleasantrunnursery.com/plant-name/Carex-albicans,https://newmoonnursery.com/nursery-plants/carex-stricta/,https://www.pinelandsnursery.com/carex-stricta-tussock-sedge-seed
"Grasses, Sedges, and Rushes",CV,Carex vulpinoidea,FOX SEDGE,1 - 3,1 - 3,Not Applicable,"Jul, Aug","Full Sun, Part Shade",wet,FACW,USDA Hardiness Zone 3 to 7,Pollinators,"Deer, Black Walnut Tolerant, Clay Soil Tolerant, Wet Site Tolerant","Clay, Loam",,Low,"Wet Meadow/Prairie/Field, Swamp/Marsh",,,,,,https://www.missouribotanicalgarden.org/PlantFinder/PlantFinderDetails.aspx?kempercode=g760,https://www.wildflower.org/plants/result.php?id_plant=cavu2,https://www.pleasantrunnursery.com/plant-name/Carex-vulpinoidea,https://newmoonnursery.com/nursery-plants/carex-vulpinoidea/,https://www.pinelandsnursery.com/carex-vulpinoidea-fox-sedge-seed
"Grasses, Sedges, and Rushes",CL2,Chasmanthium latifolium,NORTHERN SEA OATS,2 - 5,1 - 2.50,"Blue, Purple","Jun, Jul, Aug, Sep","Full Sun, Part Shade","medium, wet",FAC,USDA Hardiness Zone 3 to 8,Birds,Black Walnut,Moist soils.,,Low,Moist prairies; damp thickets.,,,,,,https://www.missouribotanicalgarden.org/PlantFinder/PlantFinderDetails.aspx?kempercode=a240,https://www.wildflower.org/plants/result.php?id_plant=veha2,https://www.pleasantrunnursery.com/plant-name/Chasmanthium-latifolium,https://newmoonnursery.com/nursery-plants/chasmanthium-latifolium/,https://www.pinelandsnursery.com/chasmanthium-latifolium
"Grasses, Sedges, and Rushes",DC,Deshampsia cespitosa,TUFTED HAIRGRASS,2 - 3,1 - 2,White,"May, Jun, Jul",Part Shade,medium,FAC,USDA Hardiness Zone 4 to 9,Birds,"Black Walnut, Air Pollution","Fertile, well-drained loams, clay loams, and sand. Acid preferably but tolerates lime.",,Low,"Low, moist areas; prairies; open woodlands",,,,,,https://www.missouribotanicalgarden.org/PlantFinder/PlantFinderDetails.aspx?kempercode=c450,https://www.wildflower.org/plants/result.php?id_plant=pedi,https://www.pleasantrunnursery.com/plant-name/Deschampsia-cespitosa,https://newmoonnursery.com/nursery-plants/deschampsia-flexuosa-sold-out-until-2021/,https://www.pinelandsnursery.com/deschampsia-cespitosa-1-pot
"Grasses, Sedges, and Rushes",EV,Elymus virginicus,VIRGINIA WILD RYE,2 - 4,1 - 2,Not Applicable,"March, May","Full Sun, Part Shade",medium,,USDA Hardiness Zone 3 to 8,Butterflies,"Deer, Erosion",,,Low,,,,,,,https://www.missouribotanicalgarden.org/PlantFinder/PlantFinderDetails.aspx?taxonid=285239,https://www.wildflower.org/plants/result.php?id_plant=ELVIV,https://www.pleasantrunnursery.com/plant-name/Elymus-virginicus,https://newmoonnursery.com/nursery-plants/elymus-virginicus/,https://www.pinelandsnursery.com/elymus-virginicus-virginia-wild-rye-seed
"Grasses, Sedges, and Rushes",ES,Eragrostis spectabilis,PURPLE LOVEGRASS,1 - 2,1 - 2,"Red, Purple","Aug, Sep, Oct",Full Sun,"dry, medium",FACU,USDA Hardiness Zone 5 to 9,,"Drought, Black Walnut, Air Pollution, Drought Tolerant, Salt Tolerant","Sandy soils. Well drained open fields. Grows best on moist, sandy soil in full sun.",,Low,Sandy or disturbed sites; plains; open woods,,,,,,https://www.missouribotanicalgarden.org/PlantFinder/PlantFinderDetails.aspx?kempercode=d593,https://www.wildflower.org/plants/result.php?id_plant=ersp,https://www.pleasantrunnursery.com/plant-name/Eragrostis-spectabilis,https://newmoonnursery.com/nursery-plants/eragrostis-spectabilis/,https://www.pinelandsnursery.com/eragrostis-spectabilis-1-pot
"Grasses, Sedges, and Rushes",JE,Juncus effusus,SOFT RUSH,2 - 4,2 - 4,"Green, Brown","Jul, Aug, Sep",Full Sun,wet,OBL,USDA Hardiness Zone 4 to 9,Food Source for Wildlife,"Wet Soil, Erosion, Salt Tolerant, Wet Site Tolerant","Clay, Loam, Sand",,Low,"Swamps, damp open ground.",,,,,,https://www.missouribotanicalgarden.org/PlantFinder/PlantFinderDetails.aspx?kempercode=c262,https://www.wildflower.org/plants/result.php?id_plant=JUEF,https://www.pleasantrunnursery.com/plant-name/Juncus-effusus,https://newmoonnursery.com/nursery-plants/juncus-effusus/,https://www.pinelandsnursery.com/juncus-effusus-soft-rush-seed
"Grasses, Sedges, and Rushes",PV2,Panicum virgatum,SWITCHGRASS,3 - 6,2 - 3,"Green, Brown","Aug, Sep, Oct, Nov","Full Sun, Part Shade","medium, wet",FAC,USDA Hardiness Zone 5 to 9,Birds,"Drought, Wet Soil, Erosion, Dry Soil, Black Walnut, Air Pollution","Dry to moist soils. Sandy, Sandy Loam, Medium Loam Clay Loam, Clay, Limestone-based.",,Low,"Dry or moist prairies; bluffs; stream banks; open woods. In moist and seasonally damp open places throughout Texas, except for Trans-Pecos. Sand, loam, clay, limestone; poor drainage okay.",,,,,,https://www.missouribotanicalgarden.org/PlantFinder/PlantFinderDetails.aspx?kempercode=l460,https://www.wildflower.org/plants/result.php?id_plant=pavi2,https://www.pleasantrunnursery.com/plant-name/Panicum-virgatum,https://newmoonnursery.com/nursery-plants/panicum-virgatum-prairie-dog/,https://www.pinelandsnursery.com/panicum-virgatum-switchgrass-seed
"Grasses, Sedges, and Rushes",SS1,Schizachyrium scoparium,LITTLE BLUESTEM,2 - 4,1.50 - 2,"White, Green, Brown","Jun, Jul, Aug, Sep, Oct, Nov, Dec",Full Sun,"dry, medium",FACU,USDA Hardiness Zone 3 to 9,Birds,"Deer, Drought, Erosion, Dry Soil, Shallow-Rocky Soil, Black Walnut, Air Pollution","Well-drained soil. Sandy, Sandy Loam, Medium Loam, Clay Loam, Clay, Limestone-based",,Low,"Woodlands' edge, Opening, Hillsides, Slopes, Prairie, Plains, Meadows, Pastures, Savannas",,,,,,https://www.missouribotanicalgarden.org/PlantFinder/PlantFinderDetails.aspx?kempercode=f510,https://www.wildflower.org/plants/result.php?id_plant=SCSC,https://www.pleasantrunnursery.com/plant-name/Schizachyrium-scoparium,https://newmoonnursery.com/nursery-plants/schizachyrium-scoparium-sandhill/,https://www.pinelandsnursery.com/schizachyrium-scoparium-little-bluestem-seed
"Grasses, Sedges, and Rushes",SN3,Sorghastrum nutans,INDIANGRASS,3 - 5,1 - 2,Yellow,"Aug, Sep, Oct",Full Sun,"dry, medium",FACU,USDA Hardiness Zone 4 to 9,Birds,"Drought, Erosion, Dry Soil, Shallow-Rocky Soil, Black Walnut, Air Pollution","Moist, rich soils. Calcareous, Sandy Sandy Loam, Medium Loam, Clay Loam, Clay, Limestone-based",,Medium,"Prairies; open woods; fields; dry slopes. Frequent in north central Texas, Edwards Plateau, and Plains Country. Sand, loam, clay, limestone; seasonal poor drainage okay.",,,,,,https://www.missouribotanicalgarden.org/PlantFinder/PlantFinderDetails.aspx?kempercode=g780,https://www.wildflower.org/plants/result.php?id_plant=sonu2,https://www.pleasantrunnursery.com/plant-name/Sorghastrum-nutans,https://newmoonnursery.com/nursery-plants/sorghastrum-nutans-indian-steel/,https://www.pinelandsnursery.com/sorghastrum-nutans-indiangrass-seed
"Grasses, Sedges, and Rushes",SH,Sporobolus heterolepis,PRAIRIE DROPSEED,2 - 3,2 - 3,"Pink, Purple","Apr, May, Jun, Jul, Aug, Sep",Full Sun,"dry, medium",,USDA Hardiness Zone 3 to 9,Birds,"Deer, Drought, Erosion, Dry Soil, Shallow-Rocky Soil, Black Walnut, Air Pollution","Well-drained, sandy or richer soils.",,Low,"Well-drained limestone, sand, clay, loam. Rocky, open woods; thickets; prairies.",,,,,,https://www.missouribotanicalgarden.org/PlantFinder/PlantFinderDetails.aspx?kempercode=f680,https://www.wildflower.org/plants/result.php?id_plant=ecpu,https://www.pleasantrunnursery.com/plant-name/Sporobolus-heterolepis,https://newmoonnursery.com/nursery-plants/sporobolus-heterolepis-tara/,https://www.pinelandsnursery.com/sporobolus-heterolepis-1-pot
Shrubs,AP,Andromeda polifolia,BOG ROSEMARY,,,"White, Pink","Jun, Jul",,,,USDA Hardiness Zone 2 to 6,Pollinators,Drought Tolerant,"Organic peats, sands and mucks.",,Low,Acid bogs,,,,,,https://plants.ces.ncsu.edu/plants/andromeda-polifolia/,https://www.wildflower.org/plants/result.php?id_plant=anpo,https://www.pleasantrunnursery.com/plant-name/Pieris-japonica-Cavatine,,https://www.pinelandsnursery.com/search?query=Andromeda+polifolia
Shrubs,AA,Aronia arbutifolia,RED CHOKEBERRY,6 - 10,3 - 6,White,May,"Full Sun, Part Shade",medium,FACW,USDA Hardiness Zone 4 to 9,Food Source for Wildlife,"Clay Soil, Wet Soil, Black Walnut Tolerant, Erosion, Salt Tolerant, Wet Site Tolerant","Moist, rich soils.",,Low,Pine bottomlands; swamps; open bogs,,,,,,https://www.missouribotanicalgarden.org/PlantFinder/PlantFinderDetails.aspx?taxonid=286551,https://www.wildflower.org/plants/result.php?id_plant=ARAR7,https://www.pleasantrunnursery.com/plant-name/Aronia-arbutifolia-Brilliantissima,,https://www.pinelandsnursery.com/photinia-pyrifolia-red-chokeberry-1-pot
Shrubs,AM,Aronia melanocarpa,BLACK CHOKEBERRY,4 - 6,6 - 8,White,May,"Full Sun, Part Shade",medium,,USDA Hardiness Zone 3 to 8,Birds,Erosion,"Moist, acid soils.",,Low,Lowlands; bogs; dunes; bluffs,,,,,,https://www.missouribotanicalgarden.org/PlantFinder/PlantFinderDetails.aspx?taxonid=241869,https://www.wildflower.org/plants/result.php?id_plant=ARME6,https://www.pleasantrunnursery.com/plant-name/Aronia-melanocarpa-Ground-Hug,,https://www.pinelandsnursery.com/photinia-melanocarpa-black-chokeberry-1-pot
Shrubs,CO,Cephalanthus occidentalis,BUTTONBUSH,5 - 12,4 - 8,"White, Pink","Jun, Jul, Aug, Sep","Full Sun, Part Shade","medium, wet",OBL,USDA Hardiness Zone 5 to 9,"Hummingbirds, Butterflies","Wet Soil, Erosion","Limestone-based, Sandy, Sandy Loam, Medium Loam, Clay Loam, Clay",,Low,"In swamps, around ponds and margins of streams throughout the state. Sand, loam, clay, limestone; moist, poor drainage or standing water okay. Prairie swales; lake, marsh, creek & swamp margins; dry, limestone bluffs",,,,,,https://www.missouribotanicalgarden.org/PlantFinder/PlantFinderDetails.aspx?kempercode=g830,https://www.wildflower.org/plants/result.php?id_plant=ceoc2,https://www.pleasantrunnursery.com/plant-name/Buttonbush,https://newmoonnursery.com/nursery-plants/cephalanthus-occidentalis/,https://www.pinelandsnursery.com/cephalanthus-occidentalis-buttonbush-1-pot
Shrubs,CA1,Clethra alnifolia,SWEET PEPPERBUSH,3 - 8,4 - 6,"White, Pink","Jul, Aug","Full Sun, Part Shade","medium, wet",FACW,USDA Hardiness Zone 3 to 9,"Birds, Butterflies","Clay Soil, Wet Soil, Heavy Shade, Erosion","Many wet to moist, acid soils, including sands and clays.",,Low,Swamps; sea shores; stream banks; hillside bogs,,,,,,https://www.missouribotanicalgarden.org/PlantFinder/PlantFinderDetails.aspx?kempercode=c230,https://www.wildflower.org/plants/result.php?id_plant=clal3,https://www.pleasantrunnursery.com/plant-name/Clethra-alnifolia-Compacta,,https://www.pinelandsnursery.com/clethra-alnifolia-sweet-pepperbush-5-pot
Shrubs,CA2,Cornus amomum,SILKY DOGWOOD,6 - 12,6 - 12,White,Jun,"Full Sun, Part Shade","medium, wet",FACW,USDA Hardiness Zone 5 to 8,Birds,"Deer, Wet Soil, Erosion, Black Walnut",Moist soils.,,Medium,Swamps; damp thickets; wet prairies,,,,,,https://www.missouribotanicalgarden.org/PlantFinder/PlantFinderDetails.aspx?kempercode=g800,https://www.wildflower.org/plants/result.php?id_plant=COOB9,https://www.pleasantrunnursery.com/plant-name/Cornus-amomum,,https://www.pinelandsnursery.com/cornus-amomum-silky-dogwood-1-pot
Shrubs,CR,Cornus racemosa,GRAYSTEM DOGWOOD,10 - 15,10 - 15,"White, Green","May, Jun, Jul","Full Sun, Part Shade",medium,FAC,USDA Hardiness Zone 4 to 8,"Birds, Butterflies","Deer, Wet Soil",Moist soils.,,Low,"Thickets; river bank woods; wet to dry, low, open areas",,,,,,https://www.missouribotanicalgarden.org/PlantFinder/PlantFinderDetails.aspx?kempercode=j930,https://www.wildflower.org/plants/result.php?id_plant=cora6,https://www.pleasantrunnursery.com/plant-name/Cornus-racemosa,,https://www.pinelandsnursery.com/cornus-racemosa-gray-dogwood-1-pot
Shrubs,CS2,Cornus sericea,RED-TWIG DOGWOOD,6 - 9,7 - 10,White,"May, Jun","Full Sun, Part Shade","medium, wet",,USDA Hardiness Zone 3 to 7,"Birds, Butterflies","Deer, Clay Soil, Wet Soil, Erosion","Moist, well-drained soils.",,Medium,"River banks; lake shores; wooded or open, wet areas",,,,,,https://www.missouribotanicalgarden.org/PlantFinder/PlantFinderDetails.aspx?taxonid=279363,https://www.wildflower.org/plants/result.php?id_plant=cose16,https://www.pleasantrunnursery.com/plant-name/Cornus-sericea-Arctic-Fire-Red,,https://www.pinelandsnursery.com/cornus-sericea-redosier-dogwood-1-pot
Shrubs,HV,Hamamelis Virginiana,WITCHHAZEL,15 - 20,15 - 20,"Orange, Yellow, Green, Brown","Sep, Oct, Nov, Dec","Full Sun, Part Shade",medium,FACU,USDA Hardiness Zone 3 to 8,Birds,"Deer, Clay Soil, Erosion","Rich, well-drained soil. Sandy, Sandy Loam, Medium Loam, Clay Loam, Clay, Acid-based, Calcareous",,Low,"Moist woods, thickets, bottomlands",,,,,,https://www.missouribotanicalgarden.org/PlantFinder/PlantFinderDetails.aspx?taxonid=281023,https://www.wildflower.org/plants/result.php?id_plant=HAVI4,https://www.pleasantrunnursery.com/plant-name/Hamamelis-virginiana,,https://www.pinelandsnursery.com/hamamelis-virginiana-american-witch-hazel-1-pot
Shrubs,HQ,Hydrangea quercifolia,OAKLEAF HYDRANGEA,6 - 8,6 - 8,"White, Green, Purple","Jun, Jul","Full Sun, Part Shade",medium,,USDA Hardiness Zone 5 to 9,,,"Moist, fertile, well-drained soils.",,Low,Damp woods; river banks,,,,,,https://www.missouribotanicalgarden.org/PlantFinder/PlantFinderDetails.aspx?kempercode=d380,https://www.wildflower.org/plants/result.php?id_plant=HYQU3,https://www.pleasantrunnursery.com/plant-name/Hydrangea-quercifolia-Gatsby-Moon,,https://www.pinelandsnursery.com/search?query=Hydrangea+quercifolia
Shrubs,IG,Ilex glabra,INKBERRY,5 - 8,5 - 8,White,"Jun, Jul, Aug, Sep","Full Sun, Part Shade","medium, wet",FACW,USDA Hardiness Zone 4 to 9,Birds,"Deer, Wet Soil, Rabbit, Erosion, Air Pollution","Sandy to peaty, acid soil.",,Low,Bogs; wet woods of coastal plains,,,,,,https://www.missouribotanicalgarden.org/PlantFinder/PlantFinderDetails.aspx?kempercode=d553,https://www.wildflower.org/plants/result.php?id_plant=ilgl,https://www.pleasantrunnursery.com/plant-name/Ilex-glabra-Compacta,,https://www.pinelandsnursery.com/ilex-glabra-inkberry-holly-1-pot
Shrubs,IV1,Ilex verticillata,COMMON WINTERBERRY,6 - 8,6 - 8,"White, Yellow, Green, Brown","Apr, May, Jun, Jul","Full Sun, Part Shade","medium, wet",FACW,USDA Hardiness Zone 3 to 9,Birds,"Clay Soil, Wet Soil, Erosion, Air Pollution","Moist, acidic soils. Sandy, Sandy Loam Medium Loam Clay Loam, Clay",,Low,"Swamps, Stream, river banks, Near lakes or ponds",,,,,,https://www.missouribotanicalgarden.org/PlantFinder/PlantFinderDetails.aspx?kempercode=a655,https://www.wildflower.org/plants/result.php?id_plant=Ilve,https://www.pleasantrunnursery.com/plant-name/Ilex-verticillata-Jim-Dandy,,https://www.pinelandsnursery.com/ilex-verticillata-winterberry-holly-1-pot
Shrubs,IV2,Itea virginica,VIRGINIA SWEETSPIRE,3 - 5,3 - 5,White,"Apr, May, Jun","Full Sun, Part Shade","medium, wet",FACW,USDA Hardiness Zone 5 to 9,"Butterflies, Pollinators","Clay Soil, Wet Soil, Heavy Shade, Erosion, Clay Soil Tolerant, Wet Site Tolerant","Moist, acid soils. Acid-based, Sandy, Sandy Loam, Medium Loam, Clay Loam, Clay",,Low,"Wet, wooded stream banks; swamps; low pine barrens",,,,,,https://www.missouribotanicalgarden.org/PlantFinder/PlantFinderDetails.aspx?kempercode=k720,https://www.wildflower.org/plants/result.php?id_plant=ITVI,https://www.pleasantrunnursery.com/plant-name/Itea-virginica-Fizzy-Mizzy,,https://www.pinelandsnursery.com/itea-virginica-virginia-sweetspire-1-pot
Shrubs,KL,Kalmia latifolia,MOUNTAIN LAUREL,5 - 15,5 - 15,"White, Pink","Jun, Jul",Part Shade,medium,FACU,USDA Hardiness Zone 4 to 9,Pollinators,"Deer, Rabbit, Dry Shade Tolerant","Cool, moist rocky or sandy soils.",,Medium,Wet to dry woods & pastures; cool meadows & slopes,,,,,,https://www.missouribotanicalgarden.org/PlantFinder/PlantFinderDetails.aspx?kempercode=c798,https://www.wildflower.org/plants/result.php?id_plant=KALA,https://www.pleasantrunnursery.com/plant-name/Bullseye_Mountain_Laurel,https://newmoonnursery.com/nursery-plants/phlox-carolina/,https://www.pinelandsnursery.com/spiraea-latifolia-meadowsweet-1-pot
Shrubs,LR,Leucothoe racemosa,FETTERBUSH,3 - 8,2 - 4,Pink,"Mar, Apr, May",Part Shade,"medium, wet",FACW,USDA Hardiness Zone 5 to 9,"Butterflies, Pollinators","Black Walnut Tolerant, Erosion","Moist, well-drained, acidic soil",,Low,Pocosins; low woods; shrub-tree bogs & bays,,,,,,https://www.missouribotanicalgarden.org/PlantFinder/PlantFinderDetails.aspx?taxonid=446191,https://www.wildflower.org/plants/result.php?id_plant=LYLU3,https://www.pleasantrunnursery.com/plant-name/Actaea-racemosa,,https://www.pinelandsnursery.com/cornus-racemosa-gray-dogwood-1-pot
Shrubs,LB,Lindera benzoin,SPICEBUSH,6 - 12,6 - 12,"White, Yellow",Apr,Part Shade,medium,FACW,USDA Hardiness Zone 4 to 9,"Birds, Butterflies","Deer, Drought, Clay Soil, Wet Soil, Heavy Shade, Black Walnut","Moist, sandy, well-drained soils. Caliche type, Limestone-based, Sandy Loam, Medium Loam",,Low,"Low, ",,,,,,https://www.missouribotanicalgarden.org/PlantFinder/PlantFinderDetails.aspx?kempercode=d890,https://www.wildflower.org/plants/result.php?id_plant=libe3,https://www.bing.com/search?q=%22Lindera+benzoin%22+site%3Apleasantrunnursery.com&rdr=1&rdrig=5E52F458C86D4464921E8876D1979C9B#,https://www.bing.com/search?q=%22Lindera+benzoin%22+site%3Anewmoonnursery.com&rdr=1&rdrig=FAC69C5E762E402B94937EC9311CE956#,https://www.bing.com/search?q=%22Lindera+benzoin%22+site%3Apinelandsnursery.com&rdr=1&rdrig=5210A36611794517A9D6B5B3B2C909EE#
Shrubs,MP,Myrica pensylvanica,NORTHERN BAYBERRY,4 - 5,5 - 7,Yellow,"Jul, Aug, Sep, Oct","Full Sun, Part Shade","dry, medium",FAC,USDA Hardiness Zone 3 to 6,Birds,"Drought, Wet Soil, Erosion","Clay, Loam, Sand",,Low,"Ledges, wood borders; thickets",,,,,,https://www.missouribotanicalgarden.org/PlantFinder/PlantFinderDetails.aspx?taxonid=256525,https://www.wildflower.org/plants/result.php?id_plant=mope6,https://www.pleasantrunnursery.com/plant-name/Myrica-pensylvanica,,https://www.pinelandsnursery.com/morella-pensylvanica-northern-bayberry-1-pot
Shrubs,RV,Rhododendron viscosum,SWAMP AZALEA,3 - 5,3 - 5,"White, Pink","May, Jun, Jul, Aug",Part Shade,"medium, wet",OBL,USDA Hardiness Zone 4 to 9,"Hummingbirds, Butterflies","Wet Soil, Rabbit",Wet soil.,,Medium,Swamps; bogs; stream margins,,,,,,https://www.missouribotanicalgarden.org/PlantFinder/PlantFinderDetails.aspx?taxonid=280018,https://www.wildflower.org/plants/result.php?id_plant=rhvi2,https://www.pleasantrunnursery.com/plant-name/Rhododendron-atlanticum-Fragrant-Star,,https://www.pinelandsnursery.com/rhododendron-viscosum-swamp-azalea-5
Shrubs,RA,Rhus aromatica,FRAGRANT SUMAC,2 - 6,6 - 10,Yellow,"Apr, May, Jun","Full Sun, Part Shade","dry, medium",UPL,USDA Hardiness Zone 3 to 9,"Birds, Butterflies","Drought, Clay Soil, Rabbit, Erosion, Dry Soil, Shallow-Rocky Soil, Black Walnut","Dry, rocky soils. Sandy, Sandy Loam, Medium Loam, Clay Loam Clay, Rocky, Caliche type, Limestone-based",,Low,"Dry, rocky prairies, old fields & open woods",,,,,,https://www.missouribotanicalgarden.org/plantfinder/PlantFinderDetails.aspx?taxonid=275952,https://www.wildflower.org/plants/result.php?id_plant=rhar4,https://www.pleasantrunnursery.com/plant-name/Rhus-aromatica,,https://www.pinelandsnursery.com/rhus-aromatica
Shrubs,RC,Rosa carolina,CAROLINA ROSE,3 - 6,5 - 10,"White, Pink","Jun, Jul, Aug",Full Sun,"medium, wet",FACU,USDA Hardiness Zone 4 to 9,"Birds, Butterflies, Hummingbirds, Pollinators, Food Source for Wildlife","Salt Tolerant, Wet Site Tolerant",Rocky soils.,,Medium,"Dry, open woods; hills; prairies; roadsides",,,,,,https://www.missouribotanicalgarden.org/PlantFinder/PlantFinderDetails.aspx?kempercode=f370,https://www.wildflower.org/plants/result.php?id_plant=robl,https://www.pleasantrunnursery.com/plant-name/Rosa-carolina,https://newmoonnursery.com/nursery-plants/liatris-microcephala/,https://www.pinelandsnursery.com/rosa-carolina-carolina-rose-1-pot
Shrubs,SC,Sambucus canadensis,ELDERBERRY,5 - 12,5 - 12,White,"May, Jun","Full Sun, Part Shade","medium, wet",,USDA Hardiness Zone 3 to 9,"Birds, Butterflies","Clay Soil, Wet Soil, Erosion","Tolerates a wide variety of wet to dry soils but prefers rich, moist, slightly acid soil.",,High,"Alluvial forests; bogs; ditches; drier, old fields. Edges of riparian thickets in Central and East Texas.",,,,,,https://www.missouribotanicalgarden.org/PlantFinder/PlantFinderDetails.aspx?kempercode=f470,https://www.wildflower.org/plants/result.php?id_plant=sanic4,https://www.pleasantrunnursery.com/plant-name/Sambucus-canadensis-Adams,,https://www.pinelandsnursery.com/sambucus-canadensis-black-elderberry-1-pot
Shrubs,SL2,Spiraea latifolia,MEADOWSWEET,3 - 4,3 - 4,"White, Pink","Jul, Aug, Sep","Full Sun, Part Shade","medium, wet",FACW,USDA Hardiness Zone 3 to 7,Butterflies,"Deer, Wet Soil",Moist soils.,,Low,Moist slopes & meadows,,,,,,https://www.missouribotanicalgarden.org/PlantFinder/PlantFinderDetails.aspx?taxonid=286372,https://www.wildflower.org/plants/result.php?id_plant=SPALL,https://www.pleasantrunnursery.com/plant-name/Bullseye_Mountain_Laurel,,https://www.pinelandsnursery.com/spiraea-latifolia-meadowsweet-1-pot
Shrubs,ST,Spiraea tomentosa,STEEPLEBUSH,2 - 4,3 - 5,"Red, Pink, Purple","Jul, Aug, Sep",Full Sun,"medium, wet",FACW,USDA Hardiness Zone 3 to 8,Butterflies,"Deer, Erosion","Wet, moderately acid, soils.",,Low,Wet prairies & meadows; marshes; roadsides,,,,,,https://www.missouribotanicalgarden.org/PlantFinder/PlantFinderDetails.aspx?kempercode=e412,https://www.wildflower.org/plants/result.php?id_plant=spto2,https://www.pleasantrunnursery.com/plant-name/Spiraea-tomentosa,,https://www.pinelandsnursery.com/spiraea-tomentosa-steeplebush-1-pot
Shrubs,VC,Vaccinium corymbosum,HIGHBUSH BLUEBERRY,6 - 12,8 - 12,"White, Pink","May, Jun","Full Sun, Part Shade","medium, wet",FACW,USDA Hardiness Zone 5 to 8,"Birds, Butterflies",Wet Soil,"Wet to dry, acid, rocky soils to organic peats.",,Medium,Swamps; bogs; dry barrens; oak woods,,,,,,https://www.missouribotanicalgarden.org/PlantFinder/PlantFinderDetails.aspx?taxonid=279992,https://www.wildflower.org/plants/result.php?id_plant=vaco,https://www.pleasantrunnursery.com/plant-name/Vaccinium_corymbosum_Blue_Jay,,https://www.pinelandsnursery.com/vaccinium-corymbosum-highbush-blueberry-5-pot
Shrubs,VA,Viburnum acerifolium,MAPLELEAF VIBURNUM,3 - 6,2 - 4,White,"Apr, May, Jun, Jul, Aug","Full Sun, Part Shade",medium,FACU,USDA Hardiness Zone 3 to 8,"Birds, Butterflies",Black Walnut,"Dry, rocky soils. Sandy, Sandy Loam, Medium Loam, Clay Loam, Clay, Acid-based",,Low,"Thickets, Shaded woods. Mesic, mixed woods; bluffs; ravines",,,,,,https://www.missouribotanicalgarden.org/PlantFinder/PlantFinderDetails.aspx?kempercode=a192,https://www.wildflower.org/plants/result.php?id_plant=VIAC,https://www.pleasantrunnursery.com/plant-name/Viburnum-acerifolium,,https://www.pinelandsnursery.com/viburnum-lentago-nannyberry-2-pot
Shrubs,VD,Viburnum dentatum,ARROWWOOD VIBURNUM,6 - 10,6 - 10,White,"May, Jun, Jul","Full Sun, Part Shade",medium,FAC,USDA Hardiness Zone 2 to 8,"Birds, Butterflies","Clay Soil, Black Walnut","Dry to wet, acid soils and sands.",,Low,Stream banks; moist woods,,,,,,https://www.missouribotanicalgarden.org/PlantFinder/PlantFinderDetails.aspx?kempercode=m720,https://www.wildflower.org/plants/result.php?id_plant=vide,https://www.pleasantrunnursery.com/plant-name/Viburnum-dentatum-Blue-Muffin,,https://www.pinelandsnursery.com/viburnum-dentatum-arrowwood-viburnum-1-pot
Shrubs,VL,Viburnum lentago,NANNYBERRY,14 - 16,6 - 12,"White, Red, Pink","May, Jun, Jul, Aug, Sep, Oct, Nov","Full Sun, Part Shade",medium,FAC,USDA Hardiness Zone 2 to 8,"Birds, Butterflies",Air Pollution,"Sand, loam, clay, caliche, limestone. Poor drainage and saline soils okay.",,Low,Anywhere from ditches and roadways to beaches and fields.,,,,,,https://www.missouribotanicalgarden.org/PlantFinder/PlantFinderDetails.aspx?kempercode=m750,https://www.wildflower.org/plants/result.php?id_plant=phno2,https://www.pleasantrunnursery.com/plant-name/Viburnum-acerifolium,,https://www.pinelandsnursery.com/viburnum-lentago-nannyberry-2-pot
Shrubs,VN1,Viburnum nudum,POSSUMHAW VIRBURNUM,5 - 12,5 - 12,White,"May, Jun, Jul","Full Sun, Part Shade","medium, wet",FACW,USDA Hardiness Zone 5 to 9,Butterflies,Wet Soil,"Adaptable but prefers wet, mucky, acid soils.",,Low,"Savannas; low, wet woods; bogs",,,,,,https://www.missouribotanicalgarden.org/PlantFinder/PlantFinderDetails.aspx?taxonid=278959,https://www.wildflower.org/plants/result.php?id_plant=VINU,https://www.pleasantrunnursery.com/plant-name/Viburnum-nudum-Brandywine,,https://www.pinelandsnursery.com/viburnum-nudum-possumhaw-tubeling
Shrubs,VT,Viburnum trilobum,CRANBERRY VIBURNUM,8 - 12,8 - 12,White,"May, Jun, Jul","Full Sun, Part Shade",medium,FAC,USDA Hardiness Zone 2 to 7,"Birds, Butterflies, Food Source for Wildlife","Black Walnut Tolerant, Clay Soil Tolerant, Wet Site Tolerant","Dry to wet, acid soils and sands.",,Low,Stream banks; moist woods,,,,,,https://www.missouribotanicalgarden.org/PlantFinder/PlantFinderDetails.aspx?kempercode=c365,https://www.wildflower.org/plants/result.php?id_plant=vide,https://www.pleasantrunnursery.com/plant-name/Viburnum-trilobum-Bailey-Compact,,https://www.pinelandsnursery.com/viburnum-trilobum-cranberry-viburnum-1-pot
Trees,AC1,Amelanchier canadensis,SERVICEBERRY,3 - 5,3 - 5,White,"Apr, May","Full Sun, Part Shade","dry, medium",FAC,USDA Hardiness Zone 5 to 8,Birds,"Drought, Dry Soil","Moist, but well-drained, soils.",,Low,"Wood borders; moist, upland woods.",,,,,,https://www.missouribotanicalgarden.org/PlantFinder/PlantFinderDetails.aspx?taxonid=358428,https://www.wildflower.org/plants/result.php?id_plant=amca4,https://www.pleasantrunnursery.com/plant-name/Amelanchier-canadensis,,https://www.pinelandsnursery.com/amelanchier-canadensis-shadbush-5-pot
Trees,AT3,Asimina triloba,COMMON PAWPAW,15 - 30,15 - 30,"White, Red, Yellow, Purple","Apr, May","Full Sun, Part Shade","medium, wet",FAC,USDA Hardiness Zone 5 to 9,"Butterflies, Pollinators, Food Source for Wildlife","Wet Soil, Black Walnut Tolerant, Black Walnut","Rich, moist, slightly acid soils. Sandy, Sandy Loam, Medium Loam, Clay Loam, Clay",,Low,"Ditches, Ravines, Depressions, Flood plains, bottomland",,,,,,https://www.missouribotanicalgarden.org/PlantFinder/PlantFinderDetails.aspx?kempercode=b500,https://www.wildflower.org/plants/result.php?id_plant=astr,https://www.pleasantrunnursery.com/plant-name/Asimina-triloba-,,https://www.pinelandsnursery.com/asimina-triloba-pawpaw-2-pot
Trees,BN,Betula nigra,RIVER BIRCH,30 - 40,25 - 35,"Green, Brown","Feb, Mar","Full Sun, Part Shade","medium, wet",FACW,USDA Hardiness Zone 4 to 9,Food Source for Wildlife,"Deer, Clay Soil, Wet Soil, Black Walnut Tolerant, Air Pollution, Clay Soil Tolerant, Salt Tolerant, Wet Site Tolerant","Sandy, moist soils. Sandy, Sandy Loam, Medium Loam, Clay Loam, Clay, Acid-based",,Low,"Swamps, Flood plains, bottomland, Ditches, Ravines, Depressions, Stream, river banks",,,,,,https://www.missouribotanicalgarden.org/PlantFinder/PlantFinderDetails.aspx?kempercode=c585,https://www.wildflower.org/plants/result.php?id_plant=beni,https://www.pleasantrunnursery.com/plant-name/Betula-nigra-Dura-Heat,,https://www.pinelandsnursery.com/betula-nigra-river-birch-2pot
Trees,CC1,Cercis canadensis,EASTERN REDBUD,20 - 30,25 - 35,Pink,"Mar, Apr, May","Full Sun, Part Shade",medium,UPL,USDA Hardiness Zone 4 to 8,"Birds, Hummingbirds, Butterflies","Deer, Clay Soil, Black Walnut","Moist, fertile, well-drained soils.",,Low,Woods; stream banks; limestone bluffs,,,,,,https://www.missouribotanicalgarden.org/PlantFinder/PlantFinderDetails.aspx?kempercode=h550,https://www.wildflower.org/plants/result.php?id_plant=ceca4,https://www.pleasantrunnursery.com/plant-name/Cercis-canadensis,,https://www.pinelandsnursery.com/cercis-canadensis-eastern-redbud-2-pot
Trees,CF,Cornus florida,FLOWERING DOGWOOD,15 - 30,15 - 30,"White, Pink, Yellow, Green","Mar, Apr, May, Jun","Full Sun, Part Shade",medium,FACU,USDA Hardiness Zone 5 to 9,"Birds, Butterflies","Deer, Clay Soil, Black Walnut","Rich, well-drained, acid soil. Sandy, Sandy Loam, Medium Loam, Acid-based",,Medium,"Thickets, Stream, river banks, Shaded woods.",,,,,,https://www.missouribotanicalgarden.org/PlantFinder/PlantFinderDetails.aspx?kempercode=c280,https://www.wildflower.org/plants/result.php?id_plant=cofl2,https://www.pleasantrunnursery.com/plant-name/Cornus-florida-Appalachian-Joy,,https://www.pinelandsnursery.com/cornus-florida-flowering-dogwood-7-pot
Trees,MV,Magnolia virginiana,SWEETBAY MAGNOLIA,10 - 35,10 - 35,White,"Apr, May, Jun, Jul","Full Sun, Part Shade","medium, wet",FACW,USDA Hardiness Zone 5 to 10,"Pollinators, Food Source for Wildlife","Clay Soil, Wet Soil, Air Pollution, Clay Soil Tolerant, Salt Tolerant, Wet Site Tolerant","Rich, moist soils. . Sandy, Sandy Loam, Medium Loam, Clay Loam, Clay, Acid-based",,Low,"Open woodlands, Shaded woods, Swamps",,,,,,https://www.missouribotanicalgarden.org/PlantFinder/PlantFinderDetails.aspx?kempercode=e110,https://www.wildflower.org/plants/result.php?id_plant=mavi2,https://www.pleasantrunnursery.com/plant-name/Magnolia-virginiana,,https://www.pinelandsnursery.com/magnolia-virginiana-sweetbay-magnolia-2-pot