Plant Type,Key,Botanical Name,Common Name,Height (ft),Spread (ft),Bloom Color,Bloom Time,Sun,Water,AGCP Regional Status,USDA Hardiness Zone,Attracts,Tolerates,Soil Description,Condition Comments,MaintenanceLevel,Native Habitats,Culture,Uses,UseXYZ,WFMaintenance,Problems,Link: Missouri Botanical Garden,Link: Wildflower.org,Link: Pleasantrunnursery.com,Link: Newmoonnursery.com,Link: Pinelandsnursery.com,Link: Others,Rev
"Herbaceous, Perennial",,Amsonia hubrichtii,THREADLEAF BLUE STAR,,,,,,,,,,,,,,,,,,,,https://www.missouribotanicalgarden.org/PlantFinder/PlantFinderDetails.aspx?kempercode=w810,https://www.wildflower.org/plants/result.php?id_plant=AMHU,https://www.pleasantrunnursery.com/plant-name/Amsonia-hubrichtii,"NA",https://www.pinelandsnursery.com/amsonia-hubrichtii,,20250611_AN
"Herbaceous, Perennial",,Amsonia tabernaemontana,"BLUE STAR, BLUE DOGBANE",,,,,,,,,,,,,,,,,,,,https://www.missouribotanicalgarden.org/PlantFinder/PlantFinderDetails.aspx?taxonid=276088&isprofile=1&gen=Amsonia,https://www.wildflower.org/plants/result.php?id_plant=amta2,"NA",https://newmoonnursery.com/nursery-plants/amsonia-tabernaemontana/,"NA",,20250611_AN
"Herbaceous, Perennial",,Amsonia tabernaemontana 'Montana',BLUE STAR,,,,,,,,,,,,,,,,,,,,https://www.missouribotanicalgarden.org/PlantFinder/PlantFinderDetails.aspx?taxonid=262985&isprofile=0&,"NA","NA",https://newmoonnursery.com/nursery-plants/amsonia-tabernaemontana-v-montana/,"NA",,20250611_AN
"Herbaceous, Perennial",,Amsonia tabernaemontana 'Salicifolia',WILLOW LEAF BLUE STAR,,,,,,,,,,,,,,,,,,,,https://www.missouribotanicalgarden.org/PlantFinder/PlantFinderDetails.aspx?taxonid=276139&isprofile=0&hf=1,https://www.wildflower.org/plants/result.php?id_plant=AMTAS,https://www.pleasantrunnursery.com/plant-name/Amsonia-tabernaemontana-var--salicifolia,https://newmoonnursery.com/nursery-plants/amsonia-tabernaemontana-v-salicifolia/,"NA",,20250611_AN
"Herbaceous, Perennial",,Aquilegia canadensis,RED COLUMBINE,,,,,,,,,,,,,,,,,,,,https://www.missouribotanicalgarden.org/PlantFinder/PlantFinderDetails.aspx?kempercode=b400,https://www.wildflower.org/plants/result.php?id_plant=aqca,https://www.pleasantrunnursery.com/plant-name/Aquilegia-canadensis,https://newmoonnursery.com/nursery-plants/aquilegia-canadensis/,https://www.pinelandsnursery.com/aquilegia-canadensis-red-columbine-seed,,20250611_AN
"Herbaceous, Perennial",,Arisaema triphyllum,JACK-IN-THE-PULPIT,,,,,,,,,,,,,,,,,,,,https://www.missouribotanicalgarden.org/PlantFinder/PlantFinderDetails.aspx?taxonid=276310,https://www.wildflower.org/plants/result.php?id_plant=artr,"NA","NA","NA",,20250611_AN
"Herbaceous, Perennial",,Asclepias incarnata,SWAMP MILKWEED,,,,,,,,,,,,,,,,,,,,https://www.missouribotanicalgarden.org/PlantFinder/PlantFinderDetails.aspx?kempercode=g410,https://www.wildflower.org/plants/result.php?id_plant=asin,https://www.pleasantrunnursery.com/plant-name/Asclepias-incarnata,https://newmoonnursery.com/nursery-plants/asclepias-incarnata/,https://www.pinelandsnursery.com/asclepias-incarnata-swamp-milkweed1-pot,,20250611_AN
"Herbaceous, Perennial",,Asclepias incarnata 'Ice Ballet',ICE BALLET SWAMP MILKWEED,,,,,,,,,,,,,,,,,,,,https://www.missouribotanicalgarden.org/PlantFinder/PlantFinderDetails.aspx?taxonid=254189&isprofile=0,"NA",https://www.pleasantrunnursery.com/plant-name/Asclepias-incarnata-Ice-Ballet,https://newmoonnursery.com/nursery-plants/asclepias-incarnata-ice-ballet/,"NA",,20250611_AN
"Herbaceous, Perennial",,Asclepias syriaca,COMMON MILKWEED,,,,,,,,,,,,,,,,,,,,https://www.missouribotanicalgarden.org/PlantFinder/PlantFinderDetails.aspx?kempercode=b480,https://www.wildflower.org/plants/result.php?id_plant=ASSY,https://www.pleasantrunnursery.com/plant-name/Asclepias-syriaca,"NA",https://www.pinelandsnursery.com/asclepias-syriaca,,20250611_AN
"Herbaceous, Perennial",,Asclepias tuberosa,BUTTERFLY MILKWEED,,,,,,,,,,,,,,,,,,,,https://www.missouribotanicalgarden.org/PlantFinder/PlantFinderDetails.aspx?kempercode=b490,https://www.wildflower.org/plants/result.php?id_plant=astu,https://www.pleasantrunnursery.com/plant-name/Asclepias-tuberosa,https://newmoonnursery.com/nursery-plants/asclepias-tuberosa/,https://www.pinelandsnursery.com/asclepias-tuberosa-butterfly-weed-seed,,20250611_AN
"Herbaceous, Perennial",,Baptisia australis,"BLUE WILD INDIGO, BLUE FALSE INDIGO",,,,,,,,,,,,,,,,,,,,https://www.missouribotanicalgarden.org/PlantFinder/PlantFinderDetails.aspx?kempercode=b660,https://www.wildflower.org/plants/result.php?id_plant=BAAU,https://www.pleasantrunnursery.com/plant-name/Baptisia-australis,https://newmoonnursery.com/nursery-plants/baptisia-australis/,https://www.pinelandsnursery.com/baptisia-australis-blue-wild-indigo-seed,,20250611_AN
"Herbaceous, Perennial",,Caltha palustris,MARSH MARIGOLD,,,,,,,,,,,,,,,,,,,,https://www.missouribotanicalgarden.org/PlantFinder/PlantFinderDetails.aspx?kempercode=a635,https://www.wildflower.org/plants/result.php?id_plant=capa5,https://www.pleasantrunnursery.com/plant-name/Caltha-palustris,https://newmoonnursery.com/nursery-plants/caltha-palustris/,"NA",,20250611_AN
"Herbaceous, Perennial",,Chelone glabra,WHITE TURTLEHEAD,,,,,,,,,,,,,,,,,,,,https://www.missouribotanicalgarden.org/PlantFinder/PlantFinderDetails.aspx?kempercode=j780,https://www.wildflower.org/plants/result.php?id_plant=chgl2,https://www.pleasantrunnursery.com/plant-name/Chelone-glabra,https://newmoonnursery.com/nursery-plants/chelone-glabra/,"NA",,20250611_AN
"Herbaceous, Perennial",,Coreopsis lanceolata,LANCELEAF TICKSEED,,,,,,,,,,,,,,,,,,,,https://www.missouribotanicalgarden.org/PlantFinder/PlantFinderDetails.aspx?kempercode=j880,https://www.wildflower.org/plants/result.php?id_plant=cola5,https://www.pleasantrunnursery.com/plant-name/Coreopsis-lanceolata,https://newmoonnursery.com/nursery-plants/coreopsis-lanceolata/,https://www.pinelandsnursery.com/coreopsis-lanceolata-lanceleaf-tickseed-seed,,20250611_AN
"Herbaceous, Perennial",,Echinacea purpurea,PURPLE CONEFLOWER,,,,,,,,,,,,,,,,,,,,https://www.missouribotanicalgarden.org/PlantFinder/PlantFinderDetails.aspx?kempercode=c580,https://www.wildflower.org/plants/result.php?id_plant=ecpu,https://www.pleasantrunnursery.com/plant-name/Echinacea-purpurea,https://newmoonnursery.com/nursery-plants/echinacea-purpurea/,https://www.pinelandsnursery.com/echinacea-purpurea-purple-coneflower-1-pot,,20250611_AN
"Herbaceous, Perennial",,Eupatorium coelestinum,BLUE MISTFLOWER,,,,,,,,,,,,,,,,,,,,https://www.missouribotanicalgarden.org/PlantFinder/PlantFinderDetails.aspx?kempercode=j870,https://www.wildflower.org/plants/result.php?id_plant=coco13,https://www.pleasantrunnursery.com/plant-name/Eupatorium-coelestinum,https://newmoonnursery.com/nursery-plants/eupatorium-coelestinum/,https://www.pinelandsnursery.com/conoclinium-coelestinum-blue-mistflower-2-plug,,20250611_AN
"Herbaceous, Perennial",,Eupatorium dubium,"LITTLE JOE PYE WEED, COASTAL PLAIN JOE PYE WEED",,,,,,,,,,,,,,,,,,,,https://www.missouribotanicalgarden.org/PlantFinder/PlantFinderDetails.aspx?kempercode=b781,https://www.wildflower.org/plants/result.php?id_plant=EUDU6,https://www.pleasantrunnursery.com/plant-name/Eupatorium-dubium-Baby-Joe,https://newmoonnursery.com/nursery-plants/eupatorium-dubium/,https://www.pinelandsnursery.com/eutrochium-dubium-seed,,20250611_AN
"Herbaceous, Perennial",,Eupatorium maculatum,SPOTTED JOE PYE WEED,,,,,,,,,,,,,,,,,,,,https://www.missouribotanicalgarden.org/PlantFinder/PlantFinderDetails.aspx?taxonid=292659&isprofile=1&basic=eutrochium,https://www.wildflower.org/plants/result.php?id_plant=EUMAB4,https://www.pleasantrunnursery.com/plant-name/Eupatorium-maculatum-Gateway,https://newmoonnursery.com/nursery-plants/eupatorium-maculatum/,https://www.pinelandsnursery.com/eupatorium-maculatum-spotted-joe-pye-weed-2-plug,,20250611_AN
"Herbaceous, Perennial",,Eupatorium perfoliatum,"COMMON BONESET, AMERICAN BONESET",,,,,,,,,,,,,,,,,,,,https://www.missouribotanicalgarden.org/PlantFinder/PlantFinderDetails.aspx?taxonid=277187,https://www.wildflower.org/plants/result.php?id_plant=eupe3,https://www.pleasantrunnursery.com/plant-name/Eupatorium-perfoliatum,https://newmoonnursery.com/nursery-plants/eupatorium-perfoliatum/,https://www.pinelandsnursery.com/eupatorium-perfoliatum-boneset-seed,,20250611_AN
"Herbaceous, Perennial",,Eupatorium purpureum,PURPLE JOE PYE WEED,,,,,,,,,,,,,,,,,,,,https://www.missouribotanicalgarden.org/PlantFinder/PlantFinderDetails.aspx?kempercode=c740,https://www.wildflower.org/plants/result.php?id_plant=eupu21,"NA",https://newmoonnursery.com/nursery-plants/eupatorium-purpureum/,"NA",,20250611_AN
"Herbaceous, Perennial",,Eurybia divaricata,WHITE WOOD ASTER,,,,,,,,,,,,,,,,,,,,https://www.missouribotanicalgarden.org/PlantFinder/PlantFinderDetails.aspx?kempercode=h170,https://www.wildflower.org/plants/result.php?id_plant=EUDI16,"NA",https://newmoonnursery.com/nursery-plants/aster-divaricatus/,https://www.pinelandsnursery.com/eurybia-divaricata-white-wood-aster-seed,,20250611_AN
"Herbaceous, Perennial",,Helenium autumnale,COMMON SNEEZEWEED,,,,,,,,,,,,,,,,,,,,https://www.missouribotanicalgarden.org/plantfinder/plantfinderdetails.aspx?kempercode=c930,https://www.wildflower.org/plants/result.php?id_plant=heau,https://www.pleasantrunnursery.com/plant-name/Sombrero_Sneezeweed,https://newmoonnursery.com/nursery-plants/helenium-autumnale/,https://www.pinelandsnursery.com/helenium-autumnale-sneezeweed-seed,,20250611_AN
"Herbaceous, Perennial",,Heliopsis helianthoides,"SMOOTH OXEYE, OXEYE SUNFLOWER",,,,,,,,,,,,,,,,,,,,https://www.missouribotanicalgarden.org/PlantFinder/PlantFinderDetails.aspx?kempercode=g520,https://www.wildflower.org/plants/result.php?id_plant=HEHE5,https://www.pleasantrunnursery.com/plant-name/Heliopsis-helianthoides,https://newmoonnursery.com/nursery-plants/heliopsis-helianthoides/,https://www.pinelandsnursery.com/heliopsis-helianthoides-false-sunflower-seed,,20250611_AN
"Herbaceous, Perennial",,Hibiscus moscheutos,SWAMP ROSEMALLOW,,,,,,,,,,,,,,,,,,,,https://www.missouribotanicalgarden.org/plantfinder/PlantFinderDetails.aspx?taxonid=282590,https://www.wildflower.org/plants/result.php?id_plant=HIMO,https://www.pleasantrunnursery.com/plant-name/Hibiscus-moscheutos,https://newmoonnursery.com/nursery-plants/hibiscus-moscheutos/,https://www.pinelandsnursery.com/hibiscus-moscheutos-swamp-rose-mallow-seed,,20250611_AN
"Herbaceous, Perennial",,Iris versicolor,"BLUE FLAG, BLUE WATER IRIS",,,,,,,,,,,,,,,,,,,,https://www.missouribotanicalgarden.org/PlantFinder/PlantFinderDetails.aspx?taxonid=281141,https://www.wildflower.org/plants/result.php?id_plant=irve2,https://www.pleasantrunnursery.com/plant-name/Iris-versicolor,https://newmoonnursery.com/nursery-plants/iris-versicolor/,https://www.pinelandsnursery.com/iris-versicolor-blue-flag-iris-1-pot,,20250611_AN
"Herbaceous, Perennial",,Liatris spicata,DENSE BLAZING STAR,,,,,,,,,,,,,,,,,,,,https://www.missouribotanicalgarden.org/PlantFinder/PlantFinderDetails.aspx?kempercode=d790,https://www.wildflower.org/plants/result.php?id_plant=lisp,https://www.pleasantrunnursery.com/plant-name/Liatris-spicata,https://newmoonnursery.com/nursery-plants/liatris-spicata/,https://www.pinelandsnursery.com/liatris-spicata-dense-blazingstar-seed,,20250611_AN
"Herbaceous, Perennial",,Lilium superbum,TURK'S CAP LILY,,,,,,,,,,,,,,,,,,,,https://www.missouribotanicalgarden.org/PlantFinder/PlantFinderDetails.aspx?kempercode=d880,https://www.wildflower.org/plants/result.php?id_plant=lisu,"NA","NA","NA",,20250611_AN
"Herbaceous, Perennial",,Lobelia cardinalis,CARDINAL FLOWER,,,,,,,,,,,,,,,,,,,,https://www.missouribotanicalgarden.org/PlantFinder/PlantFinderDetails.aspx?kempercode=d940,https://www.wildflower.org/plants/result.php?id_plant=loca2,https://www.pleasantrunnursery.com/plant-name/Lobelia-cardinalis,https://newmoonnursery.com/nursery-plants/lobelia-cardinalis/,https://www.pinelandsnursery.com/lobelia-cardinalis-cardinal-flower-1-pot,,20250611_AN
"Herbaceous, Perennial",LS2,Lobelia siphilitica,BLUE LOBELIA,,,,,,,,,,,,,,,,,,,,https://www.missouribotanicalgarden.org/PlantFinder/PlantFinderDetails.aspx?taxonid=292902,https://www.wildflower.org/plants/result.php?id_plant=losi,https://www.pleasantrunnursery.com/plant-name/Lobelia-siphilitica,https://newmoonnursery.com/nursery-plants/lobelia-siphilitica/,https://www.pinelandsnursery.com/lobelia-siphilitica-blue-lobelia-1-pot,,
"Herbaceous, Perennial",MR,Mimulus ringens,MONKEY FLOWER,,,,,,,,,,,,,,,,,,,,https://www.missouribotanicalgarden.org/PlantFinder/PlantFinderDetails.aspx?kempercode=z410,https://www.wildflower.org/plants/result.php?id_plant=MIRI,https://www.pleasantrunnursery.com/plant-name/Mimulus-ringens,,https://www.pinelandsnursery.com/mimulus-ringens-allegehney-monkey-flower-seed,,
"Herbaceous, Perennial",MD,Monarda didyma,BEE-BALM,,,,,,,,,,,,,,,,,,,,https://www.missouribotanicalgarden.org/PlantFinder/PlantFinderDetails.aspx?kempercode=q250,https://www.wildflower.org/plants/result.php?id_plant=MODI,https://www.pleasantrunnursery.com/plant-name/Monarda-didyma,https://newmoonnursery.com/nursery-plants/monarda-didyma-gardenview-scarlet/,https://www.pinelandsnursery.com/monarda-didyma-scarlet-beebalm-2-plug,,
"Herbaceous, Perennial",MF,Monarda fistulosa,WILD BERGAMOT,,,,,,,,,,,,,,,,,,,,https://www.missouribotanicalgarden.org/PlantFinder/PlantFinderDetails.aspx?kempercode=g560,https://www.wildflower.org/plants/result.php?id_plant=mofi,https://www.pleasantrunnursery.com/plant-name/Monarda-fistulosa,https://newmoonnursery.com/nursery-plants/monarda-fistulosa-claire-grace/,https://www.pinelandsnursery.com/monarda-fistulosa-wild-bergamot-seed,,
"Herbaceous, Perennial",PD,Penstemon digitalis,FOXGLOVE BEARDTONGUE,,,,,,,,,,,,,,,,,,,,https://www.missouribotanicalgarden.org/PlantFinder/PlantFinderDetails.aspx?kempercode=g590,https://www.wildflower.org/plants/result.php?id_plant=pedi,https://www.pleasantrunnursery.com/plant-name/Penstemon-digitalis,https://newmoonnursery.com/nursery-plants/penstemon-digitalis-pocahontas/,https://www.pinelandsnursery.com/penstemon-digitalis-foxglove-beardtongue-1-pot,,
"Herbaceous, Perennial",PD1,Phlox divaricta,WOODLAND PHLOX,,,,,,,,,,,,,,,,,,,,https://www.missouribotanicalgarden.org/PlantFinder/PlantFinderDetails.aspx?kempercode=e580,https://www.wildflower.org/plants/result.php?id_plant=PHDI5,https://www.pleasantrunnursery.com/plant-name/Phlox-divaricata-Blue-Moon,https://newmoonnursery.com/nursery-plants/phlox-subulata-emerald-pink/,https://www.pinelandsnursery.com/search?query=Phlox+divaricta,,
"Herbaceous, Perennial",PP,Phlox paniculata,GARDEN PHLOX,,,,,,,,,,,,,,,,,,,,https://www.missouribotanicalgarden.org/PlantFinder/PlantFinderDetails.aspx?kempercode=f222,https://www.wildflower.org/plants/result.php?id_plant=phpa9,https://www.pleasantrunnursery.com/plant-name/Phlox-paniculata-Blue-Paradise,https://newmoonnursery.com/nursery-plants/phlox-paniculata-jeana/,https://www.pinelandsnursery.com/search?query=Phlox+paniculata,,
"Herbaceous, Perennial",PS,Phlox stolonifera,CREEPING PHLOX,,,,,,,,,,,,,,,,,,,,https://www.missouribotanicalgarden.org/PlantFinder/PlantFinderDetails.aspx?taxonid=285438,https://www.wildflower.org/plants/result.php?id_plant=PHST3,https://www.pleasantrunnursery.com/plant-name/Phlox-stolonifera-Blue-Ridge,https://newmoonnursery.com/nursery-plants/phlox-stolonifera/,https://www.pinelandsnursery.com/search?query=Phlox+stolonifera,,
"Herbaceous, Perennial",PV,Physostegia virginiana,FALSE DRAGONHEAD,,,,,,,,,,,,,,,,,,,,https://www.missouribotanicalgarden.org/PlantFinder/PlantFinderDetails.aspx?kempercode=g620,https://www.wildflower.org/plants/result.php?id_plant=phvi8,https://www.pleasantrunnursery.com/plant-name/Physostegia-virginiana-Miss-Manners,https://newmoonnursery.com/nursery-plants/physostegia-virginiana-vivid/,https://www.pinelandsnursery.com/rosa-virginiana-virginia-rose-1-pot,,
"Herbaceous, Perennial",PV1,Pycnanthemum virginianum,VIRGINIA MOUNTAIN-MINT,,,,,,,,,,,,,,,,,,,,https://www.missouribotanicalgarden.org/PlantFinder/PlantFinderDetails.aspx?kempercode=l880,https://www.wildflower.org/plants/result.php?id_plant=PYIN,https://www.pleasantrunnursery.com/plant-name/Pycnanthemum-virginianum,https://newmoonnursery.com/nursery-plants/pycnanthemum-virginianum/,https://www.pinelandsnursery.com/pycnanthemum-virginianum-virginia-mountain-mint-seed,,
"Herbaceous, Perennial",RF,Rudbeckia fulgida,ORANGE CONEFLOWER,,,,,,,,,,,,,,,,,,,,https://www.missouribotanicalgarden.org/PlantFinder/PlantFinderDetails.aspx?kempercode=g630,https://www.wildflower.org/plants/result.php?id_plant=rufu2,https://www.pleasantrunnursery.com/plant-name/Rudbeckia-fulgida-var-deamii,https://newmoonnursery.com/nursery-plants/rudbeckia-fulgida-v-fulgida/,https://www.pinelandsnursery.com/rudbeckia-fulgida-orange-coneflower-1-pot,,
"Herbaceous, Perennial",RH,Rudbeckia hirta,BLACK-EYED SUSAN,,,,,,,,,,,,,,,,,,,,https://www.missouribotanicalgarden.org/PlantFinder/PlantFinderDetails.aspx?taxonid=298813,https://www.wildflower.org/plants/result.php?id_plant=ruhi2,https://www.pleasantrunnursery.com/plant-name/Rudbeckia-hirta,https://newmoonnursery.com/nursery-plants/6872-2/,https://www.pinelandsnursery.com/rudbeckia-hirta-black-eyed-susan-seed,,
"Herbaceous, Perennial",RL,Rudbeckia laciniata,CUTLEAF CONEFLOWER,,,,,,,,,,,,,,,,,,,,https://www.missouribotanicalgarden.org/PlantFinder/PlantFinderDetails.aspx?kempercode=m200,https://www.wildflower.org/plants/result.php?id_plant=rula3,https://www.pleasantrunnursery.com/plant-name/Rudbeckia-laciniata,https://newmoonnursery.com/nursery-plants/rudbeckia-laciniata/,https://www.pinelandsnursery.com/rudbeckia-laciniata-seed,,
"Herbaceous, Perennial",SP,Siphium perfoliatum,CUP-PLANT,,,,,,,,,,,,,,,,,,,,https://www.missouribotanicalgarden.org/PlantFinder/PlantFinderDetails.aspx?kempercode=g650,https://www.wildflower.org/plants/result.php?id_plant=SIPE2,https://www.pleasantrunnursery.com/plant-name/Eupatorium-perfoliatum,,https://www.pinelandsnursery.com/eupatorium-perfoliatum-boneset-seed,,
"Herbaceous, Perennial",SR,Smilacina raceoscum,FALSE SOLOMON’S SEA,,,,,,,,,,,,,,,,,,,,https://www.missouribotanicalgarden.org/PlantFinder/PlantFinderDetails.aspx?kempercode=m390,https://www.wildflower.org/plants/result.php?id_plant=MARA7,https://www.pleasantrunnursery.com/plant-name/Baptisia-alba-var-macrophylla,,https://www.pinelandsnursery.com/search?query=Smilacina+raceoscum,,
"Herbaceous, Perennial",SN,Solidago nemoralis,GRAY GOLDENROD,,,,,,,,,,,,,,,,,,,,https://www.missouribotanicalgarden.org/PlantFinder/PlantFinderDetails.aspx?taxonid=277240,https://www.wildflower.org/plants/result.php?id_plant=sogi,https://www.pleasantrunnursery.com/plant-name/Solidago-nemoralis,https://newmoonnursery.com/nursery-plants/solidago-nemoralis/,https://www.pinelandsnursery.com/solidago-nemoralis-gray-goldenrod-seed,,
"Herbaceous, Perennial",SS,Solidago sempervirens,GOLDENROD,,,,,,,,,,,,,,,,,,,,https://www.missouribotanicalgarden.org/PlantFinder/PlantFinderDetails.aspx?kempercode=g690,https://www.wildflower.org/plants/result.php?id_plant=sose,https://www.pleasantrunnursery.com/plant-name/Buxus-sempervirens,https://newmoonnursery.com/nursery-plants/aster-puniceus/,https://www.pinelandsnursery.com/solidago-sempervirens-seaside-goldenrod-2-plug,,
"Herbaceous, Perennial",SL,Stokesia laevis,STOKES’ ASTER,,,,,,,,,,,,,,,,,,,,https://www.missouribotanicalgarden.org/PlantFinder/PlantFinderDetails.aspx?kempercode=i900,https://www.wildflower.org/plants/result.php?id_plant=stla6,https://www.pleasantrunnursery.com/plant-name/Stokesia-laevis-Peachie-s-Pick,https://newmoonnursery.com/nursery-plants/coreopsis-verticillata-zagreb/,https://www.pinelandsnursery.com/search?query=Stokesia+laevis,,
"Herbaceous, Perennial",SL1,Symphyotrichum laeve,SMOOTH ASTER,,,,,,,,,,,,,,,,,,,,https://www.missouribotanicalgarden.org/PlantFinder/PlantFinderDetails.aspx?kempercode=g420,https://www.wildflower.org/plants/result.php?id_plant=sylal3,https://www.pleasantrunnursery.com/plant-name/Aster-laeve,https://newmoonnursery.com/nursery-plants/aster-laevis/,https://www.pinelandsnursery.com/symphyotrichum-laeve-smooth-aster-seed,,
"Herbaceous, Perennial",SN1,Symphyotrichum novae,NEW ENGLAND ASTER,,,,,,,,,,,,,,,,,,,,https://www.missouribotanicalgarden.org/PlantFinder/PlantFinderDetails.aspx?kempercode=b540,https://www.wildflower.org/plants/result.php?id_plant=syno2,https://www.pleasantrunnursery.com/plant-name/Aster-novae-angliae,https://newmoonnursery.com/nursery-plants/aster-novae-angliae/,https://www.pinelandsnursery.com/symphyotrichum-novae-angliae-new-england-aster-seed,,
"Herbaceous, Perennial",SN2,Symphyotrichum novi,NEW YORK ASTER,,,,,,,,,,,,,,,,,,,,https://www.missouribotanicalgarden.org/PlantFinder/PlantFinderDetails.aspx?taxonid=371788,https://www.wildflower.org/plants/result.php?id_plant=SYNOV,https://www.pleasantrunnursery.com/plant-name/Aster-novi-belgii,https://newmoonnursery.com/nursery-plants/aster-novi-belgii/,https://www.pinelandsnursery.com/symphyotrichum-novi-belgii-new-york-aster-seed,,
"Herbaceous, Perennial",TC,Tiarella cordifolia,FOAM FLOWER,,,,,,,,,,,,,,,,,,,,https://www.missouribotanicalgarden.org/PlantFinder/PlantFinderDetails.aspx?kempercode=f990,https://www.wildflower.org/plants/result.php?id_plant=TICO,https://www.pleasantrunnursery.com/plant-name/Tiarella-cordifolia,https://newmoonnursery.com/nursery-plants/tiarella-cordifolia-brandywine/,https://www.pinelandsnursery.com/search?query=Tiarella+cordifolia,,
"Herbaceous, Perennial",VH,Verbena hastata,BLUE VERVAIN,,,,,,,,,,,,,,,,,,,,https://www.missouribotanicalgarden.org/PlantFinder/PlantFinderDetails.aspx?kempercode=z370,https://www.wildflower.org/plants/result.php?id_plant=veha2,https://www.pleasantrunnursery.com/plant-name/Verbena-hastata,https://newmoonnursery.com/nursery-plants/verbena-hastata-pink-spires/,https://www.pinelandsnursery.com/verbena-hastata-blue-vervain-seed,,
"Herbaceous, Perennial",VN,Vernonia noveboracensis,NEW YORK IRONWEED,,,,,,,,,,,,,,,,,,,,https://www.missouribotanicalgarden.org/PlantFinder/PlantFinderDetails.aspx?kempercode=g160,https://www.wildflower.org/plants/result.php?id_plant=asin,https://www.pleasantrunnursery.com/plant-name/Vernonia-noveboracensis,https://newmoonnursery.com/nursery-plants/veronicastrum-virginicum/,https://www.pinelandsnursery.com/vernonia-noveboracensis-new-york-ironweed-seed,,
"Herbaceous, Perennial",VV,Veronicastrum virginicum,CULVER’S ROOT,,,,,,,,,,,,,,,,,,,,https://www.missouribotanicalgarden.org/PlantFinder/PlantFinderDetails.aspx?kempercode=g180,https://www.wildflower.org/plants/result.php?id_plant=vevi4,https://www.pleasantrunnursery.com/plant-name/Veronicastrum-virginicum,https://newmoonnursery.com/nursery-plants/veronicastrum-virginicum/,https://www.pinelandsnursery.com/veronicastrum-virginicum,,
Ferns,AF,Athyrium filix,LADY FERN,,,,,,,,,,,,,,,,,,,,https://www.missouribotanicalgarden.org/PlantFinder/PlantFinderDetails.aspx?kempercode=b630,https://www.wildflower.org/plants/result.php?id_plant=ATFI,https://www.pleasantrunnursery.com/plant-name/Athyrium-filix-femina,https://newmoonnursery.com/nursery-plants/tiarella-cordifolia-wherryi/,https://www.pinelandsnursery.com/search?query=Athyrium+filix,,
Ferns,DM,Dryopteris marginalis,MARGINAL WOODLAND FERN,,,,,,,,,,,,,,,,,,,,https://www.missouribotanicalgarden.org/PlantFinder/PlantFinderDetails.aspx?kempercode=k170,https://www.wildflower.org/plants/result.php?id_plant=OSCI,https://www.pleasantrunnursery.com/plant-name/Dryopteris-marginalis,https://newmoonnursery.com/nursery-plants/polemonium-reptans/,https://www.pinelandsnursery.com/dryopteris-marginalis-marginal-woodfern-tubeling,,
Ferns,MS,Matteuccia struthiopteris,OSTRICH FERN,,,,,,,,,,,,,,,,,,,,https://www.missouribotanicalgarden.org/PlantFinder/PlantFinderDetails.aspx?taxonid=272444,https://www.wildflower.org/plants/result.php?id_plant=MAST,https://www.pleasantrunnursery.com/plant-name/Matteuccia-struthiopteris,,https://www.pinelandsnursery.com/matteuccia-struthiopteris-ostrich-fern-tubeling,,
Ferns,OS,Onoclea Sensibilis,SENSITIVE FERN,,,,,,,,,,,,,,,,,,,,https://www.missouribotanicalgarden.org/PlantFinder/PlantFinderDetails.aspx?kempercode=l300,https://www.wildflower.org/plants/result.php?id_plant=ONSE,https://www.pleasantrunnursery.com/plant-name/Onoclea-sensibilis,,https://www.pinelandsnursery.com/onoclea-sensibilis-sensitive-fern-tubeling,,
Ferns,OC,Osmunda cinnamomea,CINNAMON FERN,,,,,,,,,,,,,,,,,,,,https://www.missouribotanicalgarden.org/PlantFinder/PlantFinderDetails.aspx?kempercode=i570,https://www.wildflower.org/plants/result.php?id_plant=OSCI,https://www.pleasantrunnursery.com/plant-name/Osmunda-cinnamomea,https://newmoonnursery.com/nursery-plants/luzula-acuminata/,https://www.pinelandsnursery.com/osmunda-cinnamomea-cinnamon-fern-1-pot,,
Ferns,OR,Osmunda regalis,ROYAL FERN,,,,,,,,,,,,,,,,,,,,https://www.missouribotanicalgarden.org/PlantFinder/PlantFinderDetails.aspx?kempercode=l320,https://www.wildflower.org/plants/result.php?id_plant=osre,https://www.pleasantrunnursery.com/plant-name/Royal_Fern,,https://www.pinelandsnursery.com/osmunda-regalis-royal-fern-tubeling,,
Ferns,PA,Polystichum acrostichoides,CHRISTMAS FERN,,,,,,,,,,,,,,,,,,,,https://www.missouribotanicalgarden.org/PlantFinder/PlantFinderDetails.aspx?kempercode=a710,https://www.wildflower.org/plants/result.php?id_plant=poac4,https://www.pleasantrunnursery.com/plant-name/Polystichum-acrostichoides,https://newmoonnursery.com/nursery-plants/tiarella-cordifolia-wherryi/,https://www.pinelandsnursery.com/polystichum-acrostichoides-christmas-fern-tubeling,,
Shrubs,AP,Andromeda polifolia,BOG ROSEMARY,,,,,,,,,,,,,,,,,,,,https://plants.ces.ncsu.edu/plants/andromeda-polifolia/,https://www.wildflower.org/plants/result.php?id_plant=anpo,https://www.pleasantrunnursery.com/plant-name/Pieris-japonica-Cavatine,,https://www.pinelandsnursery.com/search?query=Andromeda+polifolia,,
Shrubs,AA,Aronia arbutifolia,RED CHOKEBERRY,,,,,,,,,,,,,,,,,,,,https://www.missouribotanicalgarden.org/PlantFinder/PlantFinderDetails.aspx?taxonid=286551,https://www.wildflower.org/plants/result.php?id_plant=ARAR7,https://www.pleasantrunnursery.com/plant-name/Aronia-arbutifolia-Brilliantissima,,https://www.pinelandsnursery.com/photinia-pyrifolia-red-chokeberry-1-pot,,
Shrubs,AM,Aronia melanocarpa,BLACK CHOKEBERRY,,,,,,,,,,,,,,,,,,,,https://www.missouribotanicalgarden.org/PlantFinder/PlantFinderDetails.aspx?taxonid=241869,https://www.wildflower.org/plants/result.php?id_plant=ARME6,https://www.pleasantrunnursery.com/plant-name/Aronia-melanocarpa-Ground-Hug,,https://www.pinelandsnursery.com/photinia-melanocarpa-black-chokeberry-1-pot,,
Shrubs,CO,Cephalanthus occidentalis,BUTTONBUSH,,,,,,,,,,,,,,,,,,,,https://www.missouribotanicalgarden.org/PlantFinder/PlantFinderDetails.aspx?kempercode=g830,https://www.wildflower.org/plants/result.php?id_plant=ceoc2,https://www.pleasantrunnursery.com/plant-name/Buttonbush,https://newmoonnursery.com/nursery-plants/cephalanthus-occidentalis/,https://www.pinelandsnursery.com/cephalanthus-occidentalis-buttonbush-1-pot,,
Shrubs,CA1,Clethra alnifolia,SWEET PEPPERBUSH,,,,,,,,,,,,,,,,,,,,https://www.missouribotanicalgarden.org/PlantFinder/PlantFinderDetails.aspx?kempercode=c230,https://www.wildflower.org/plants/result.php?id_plant=clal3,https://www.pleasantrunnursery.com/plant-name/Clethra-alnifolia-Compacta,,https://www.pinelandsnursery.com/clethra-alnifolia-sweet-pepperbush-5-pot,,
Shrubs,CA2,Cornus amomum,SILKY DOGWOOD,,,,,,,,,,,,,,,,,,,,https://www.missouribotanicalgarden.org/PlantFinder/PlantFinderDetails.aspx?kempercode=g800,https://www.wildflower.org/plants/result.php?id_plant=COOB9,https://www.pleasantrunnursery.com/plant-name/Cornus-amomum,,https://www.pinelandsnursery.com/cornus-amomum-silky-dogwood-1-pot,,
Shrubs,CR,Cornus racemosa,GRAYSTEM DOGWOOD,,,,,,,,,,,,,,,,,,,,https://www.missouribotanicalgarden.org/PlantFinder/PlantFinderDetails.aspx?kempercode=j930,https://www.wildflower.org/plants/result.php?id_plant=cora6,https://www.pleasantrunnursery.com/plant-name/Cornus-racemosa,,https://www.pinelandsnursery.com/cornus-racemosa-gray-dogwood-1-pot,,
Shrubs,CS2,Cornus sericea,RED-TWIG DOGWOOD,,,,,,,,,,,,,,,,,,,,https://www.missouribotanicalgarden.org/PlantFinder/PlantFinderDetails.aspx?taxonid=279363,https://www.wildflower.org/plants/result.php?id_plant=cose16,https://www.pleasantrunnursery.com/plant-name/Cornus-sericea-Arctic-Fire-Red,,https://www.pinelandsnursery.com/cornus-sericea-redosier-dogwood-1-pot,,
Shrubs,HV,Hamamelis Virginiana,WITCHHAZEL,,,,,,,,,,,,,,,,,,,,https://www.missouribotanicalgarden.org/PlantFinder/PlantFinderDetails.aspx?taxonid=281023,https://www.wildflower.org/plants/result.php?id_plant=HAVI4,https://www.pleasantrunnursery.com/plant-name/Hamamelis-virginiana,,https://www.pinelandsnursery.com/hamamelis-virginiana-american-witch-hazel-1-pot,,
Shrubs,HQ,Hydrangea quercifolia,OAKLEAF HYDRANGEA,,,,,,,,,,,,,,,,,,,,https://www.missouribotanicalgarden.org/PlantFinder/PlantFinderDetails.aspx?kempercode=d380,https://www.wildflower.org/plants/result.php?id_plant=HYQU3,https://www.pleasantrunnursery.com/plant-name/Hydrangea-quercifolia-Gatsby-Moon,,https://www.pinelandsnursery.com/search?query=Hydrangea+quercifolia,,
Shrubs,IG,Ilex glabra,INKBERRY,,,,,,,,,,,,,,,,,,,,https://www.missouribotanicalgarden.org/PlantFinder/PlantFinderDetails.aspx?kempercode=d553,https://www.wildflower.org/plants/result.php?id_plant=ilgl,https://www.pleasantrunnursery.com/plant-name/Ilex-glabra-Compacta,,https://www.pinelandsnursery.com/ilex-glabra-inkberry-holly-1-pot,,
Shrubs,IV1,Ilex verticillata,COMMON WINTERBERRY,,,,,,,,,,,,,,,,,,,,https://www.missouribotanicalgarden.org/PlantFinder/PlantFinderDetails.aspx?kempercode=a655,https://www.wildflower.org/plants/result.php?id_plant=Ilve,https://www.pleasantrunnursery.com/plant-name/Ilex-verticillata-Jim-Dandy,,https://www.pinelandsnursery.com/ilex-verticillata-winterberry-holly-1-pot,,
Shrubs,IV2,Itea virginica,VIRGINIA SWEETSPIRE,,,,,,,,,,,,,,,,,,,,https://www.missouribotanicalgarden.org/PlantFinder/PlantFinderDetails.aspx?kempercode=k720,https://www.wildflower.org/plants/result.php?id_plant=ITVI,https://www.pleasantrunnursery.com/plant-name/Itea-virginica-Fizzy-Mizzy,,https://www.pinelandsnursery.com/itea-virginica-virginia-sweetspire-1-pot,,
Shrubs,KL,Kalmia latifolia,MOUNTAIN LAUREL,,,,,,,,,,,,,,,,,,,,https://www.missouribotanicalgarden.org/PlantFinder/PlantFinderDetails.aspx?kempercode=c798,https://www.wildflower.org/plants/result.php?id_plant=KALA,https://www.pleasantrunnursery.com/plant-name/Bullseye_Mountain_Laurel,https://newmoonnursery.com/nursery-plants/phlox-carolina/,https://www.pinelandsnursery.com/spiraea-latifolia-meadowsweet-1-pot,,
Shrubs,LR,Leucothoe racemosa,FETTERBUSH,,,,,,,,,,,,,,,,,,,,https://www.missouribotanicalgarden.org/PlantFinder/PlantFinderDetails.aspx?taxonid=446191,https://www.wildflower.org/plants/result.php?id_plant=LYLU3,https://www.pleasantrunnursery.com/plant-name/Actaea-racemosa,,https://www.pinelandsnursery.com/cornus-racemosa-gray-dogwood-1-pot,,
Shrubs,LB,Lindera benzoin,SPICEBUSH,,,,,,,,,,,,,,,,,,,,https://www.missouribotanicalgarden.org/PlantFinder/PlantFinderDetails.aspx?kempercode=d890,https://www.wildflower.org/plants/result.php?id_plant=libe3,https://www.bing.com/search?q=%22Lindera+benzoin%22+site%3Apleasantrunnursery.com&rdr=1&rdrig=5E52F458C86D4464921E8876D1979C9B#,https://www.bing.com/search?q=%22Lindera+benzoin%22+site%3Anewmoonnursery.com&rdr=1&rdrig=FAC69C5E762E402B94937EC9311CE956#,https://www.bing.com/search?q=%22Lindera+benzoin%22+site%3Apinelandsnursery.com&rdr=1&rdrig=5210A36611794517A9D6B5B3B2C909EE#,,
Shrubs,MP,Myrica pensylvanica,NORTHERN BAYBERRY,,,,,,,,,,,,,,,,,,,,https://www.missouribotanicalgarden.org/PlantFinder/PlantFinderDetails.aspx?taxonid=256525,https://www.wildflower.org/plants/result.php?id_plant=mope6,https://www.pleasantrunnursery.com/plant-name/Myrica-pensylvanica,,https://www.pinelandsnursery.com/morella-pensylvanica-northern-bayberry-1-pot,,
Shrubs,RV,Rhododendron viscosum,SWAMP AZALEA,,,,,,,,,,,,,,,,,,,,https://www.missouribotanicalgarden.org/PlantFinder/PlantFinderDetails.aspx?taxonid=280018,https://www.wildflower.org/plants/result.php?id_plant=rhvi2,https://www.pleasantrunnursery.com/plant-name/Rhododendron-atlanticum-Fragrant-Star,,https://www.pinelandsnursery.com/rhododendron-viscosum-swamp-azalea-5,,
Shrubs,RA,Rhus aromatica,FRAGRANT SUMAC,,,,,,,,,,,,,,,,,,,,https://www.missouribotanicalgarden.org/plantfinder/PlantFinderDetails.aspx?taxonid=275952,https://www.wildflower.org/plants/result.php?id_plant=rhar4,https://www.pleasantrunnursery.com/plant-name/Rhus-aromatica,,https://www.pinelandsnursery.com/rhus-aromatica,,
Shrubs,RC,Rosa carolina,CAROLINA ROSE,,,,,,,,,,,,,,,,,,,,https://www.missouribotanicalgarden.org/PlantFinder/PlantFinderDetails.aspx?kempercode=f370,https://www.wildflower.org/plants/result.php?id_plant=robl,https://www.pleasantrunnursery.com/plant-name/Rosa-carolina,https://newmoonnursery.com/nursery-plants/liatris-microcephala/,https://www.pinelandsnursery.com/rosa-carolina-carolina-rose-1-pot,,
Shrubs,SC,Sambucus canadensis,ELDERBERRY,,,,,,,,,,,,,,,,,,,,https://www.missouribotanicalgarden.org/PlantFinder/PlantFinderDetails.aspx?kempercode=f470,https://www.wildflower.org/plants/result.php?id_plant=sanic4,https://www.pleasantrunnursery.com/plant-name/Sambucus-canadensis-Adams,,https://www.pinelandsnursery.com/sambucus-canadensis-black-elderberry-1-pot,,
Shrubs,SL2,Spiraea latifolia,MEADOWSWEET,,,,,,,,,,,,,,,,,,,,https://www.missouribotanicalgarden.org/PlantFinder/PlantFinderDetails.aspx?taxonid=286372,https://www.wildflower.org/plants/result.php?id_plant=SPALL,https://www.pleasantrunnursery.com/plant-name/Bullseye_Mountain_Laurel,,https://www.pinelandsnursery.com/spiraea-latifolia-meadowsweet-1-pot,,
Shrubs,ST,Spiraea tomentosa,STEEPLEBUSH,,,,,,,,,,,,,,,,,,,,https://www.missouribotanicalgarden.org/PlantFinder/PlantFinderDetails.aspx?kempercode=e412,https://www.wildflower.org/plants/result.php?id_plant=spto2,https://www.pleasantrunnursery.com/plant-name/Spiraea-tomentosa,,https://www.pinelandsnursery.com/spiraea-tomentosa-steeplebush-1-pot,,
Shrubs,VC,Vaccinium corymbosum,HIGHBUSH BLUEBERRY,,,,,,,,,,,,,,,,,,,,https://www.missouribotanicalgarden.org/PlantFinder/PlantFinderDetails.aspx?taxonid=279992,https://www.wildflower.org/plants/result.php?id_plant=vaco,https://www.pleasantrunnursery.com/plant-name/Vaccinium_corymbosum_Blue_Jay,,https://www.pinelandsnursery.com/vaccinium-corymbosum-highbush-blueberry-5-pot,,
Shrubs,VA,Viburnum acerifolium,MAPLELEAF VIBURNUM,,,,,,,,,,,,,,,,,,,,https://www.missouribotanicalgarden.org/PlantFinder/PlantFinderDetails.aspx?kempercode=a192,https://www.wildflower.org/plants/result.php?id_plant=VIAC,https://www.pleasantrunnursery.com/plant-name/Viburnum-acerifolium,,https://www.pinelandsnursery.com/viburnum-lentago-nannyberry-2-pot,,
Shrubs,VD,Viburnum dentatum,ARROWWOOD VIBURNUM,,,,,,,,,,,,,,,,,,,,https://www.missouribotanicalgarden.org/PlantFinder/PlantFinderDetails.aspx?kempercode=m720,https://www.wildflower.org/plants/result.php?id_plant=vide,https://www.pleasantrunnursery.com/plant-name/Viburnum-dentatum-Blue-Muffin,,https://www.pinelandsnursery.com/viburnum-dentatum-arrowwood-viburnum-1-pot,,
Shrubs,VL,Viburnum lentago,NANNYBERRY,,,,,,,,,,,,,,,,,,,,https://www.missouribotanicalgarden.org/PlantFinder/PlantFinderDetails.aspx?kempercode=m750,https://www.wildflower.org/plants/result.php?id_plant=phno2,https://www.pleasantrunnursery.com/plant-name/Viburnum-acerifolium,,https://www.pinelandsnursery.com/viburnum-lentago-nannyberry-2-pot,,
Shrubs,VN1,Viburnum nudum,POSSUMHAW VIRBURNUM,,,,,,,,,,,,,,,,,,,,https://www.missouribotanicalgarden.org/PlantFinder/PlantFinderDetails.aspx?taxonid=278959,https://www.wildflower.org/plants/result.php?id_plant=VINU,https://www.pleasantrunnursery.com/plant-name/Viburnum-nudum-Brandywine,,https://www.pinelandsnursery.com/viburnum-nudum-possumhaw-tubeling,,
Shrubs,VT,Viburnum trilobum,CRANBERRY VIBURNUM,,,,,,,,,,,,,,,,,,,,https://www.missouribotanicalgarden.org/PlantFinder/PlantFinderDetails.aspx?kempercode=c365,https://www.wildflower.org/plants/result.php?id_plant=vide,https://www.pleasantrunnursery.com/plant-name/Viburnum-trilobum-Bailey-Compact,,https://www.pinelandsnursery.com/viburnum-trilobum-cranberry-viburnum-1-pot,,
Trees,AC1,Amelanchier canadensis,SERVICEBERRY,,,,,,,,,,,,,,,,,,,,https://www.missouribotanicalgarden.org/PlantFinder/PlantFinderDetails.aspx?taxonid=358428,https://www.wildflower.org/plants/result.php?id_plant=amca4,https://www.pleasantrunnursery.com/plant-name/Amelanchier-canadensis,,https://www.pinelandsnursery.com/amelanchier-canadensis-shadbush-5-pot,,
Trees,AT3,Asimina triloba,COMMON PAWPAW,,,,,,,,,,,,,,,,,,,,https://www.missouribotanicalgarden.org/PlantFinder/PlantFinderDetails.aspx?kempercode=b500,https://www.wildflower.org/plants/result.php?id_plant=astr,https://www.pleasantrunnursery.com/plant-name/Asimina-triloba-,,https://www.pinelandsnursery.com/asimina-triloba-pawpaw-2-pot,,
Trees,BN,Betula nigra,RIVER BIRCH,,,,,,,,,,,,,,,,,,,,https://www.missouribotanicalgarden.org/PlantFinder/PlantFinderDetails.aspx?kempercode=c585,https://www.wildflower.org/plants/result.php?id_plant=beni,https://www.pleasantrunnursery.com/plant-name/Betula-nigra-Dura-Heat,,https://www.pinelandsnursery.com/betula-nigra-river-birch-2pot,,
Trees,CC1,Cercis canadensis,EASTERN REDBUD,,,,,,,,,,,,,,,,,,,,https://www.missouribotanicalgarden.org/PlantFinder/PlantFinderDetails.aspx?kempercode=h550,https://www.wildflower.org/plants/result.php?id_plant=ceca4,https://www.pleasantrunnursery.com/plant-name/Cercis-canadensis,,https://www.pinelandsnursery.com/cercis-canadensis-eastern-redbud-2-pot,,
Trees,CF,Cornus florida,FLOWERING DOGWOOD,,,,,,,,,,,,,,,,,,,,https://www.missouribotanicalgarden.org/PlantFinder/PlantFinderDetails.aspx?kempercode=c280,https://www.wildflower.org/plants/result.php?id_plant=cofl2,https://www.pleasantrunnursery.com/plant-name/Cornus-florida-Appalachian-Joy,,https://www.pinelandsnursery.com/cornus-florida-flowering-dogwood-7-pot,,
Trees,MV,Magnolia virginiana,SWEETBAY MAGNOLIA,,,,,,,,,,,,,,,,,,,,https://www.missouribotanicalgarden.org/PlantFinder/PlantFinderDetails.aspx?kempercode=e110,https://www.wildflower.org/plants/result.php?id_plant=mavi2,https://www.pleasantrunnursery.com/plant-name/Magnolia-virginiana,,https://www.pinelandsnursery.com/magnolia-virginiana-sweetbay-magnolia-2-pot,,
"Grasses, Sedges, and Rushes",AG,Andropogon gerardii,BIG BLUESTEM,,,,,,,,,,,,,,,,,,,,https://www.missouribotanicalgarden.org/PlantFinder/PlantFinderDetails.aspx?kempercode=g720,https://www.wildflower.org/plants/result.php?id_plant=ange,https://www.pleasantrunnursery.com/plant-name/Andropogon-gerardii-Blackhawks,https://newmoonnursery.com/nursery-plants/andropogon-gerardii-holy-smoke/,https://www.pinelandsnursery.com/andropogon-gerardii-big-bluestem-seed,,
"Grasses, Sedges, and Rushes",CA,Carex amphibola,CREEK SEDGE,,,,,,,,,,,,,,,,,,,,https://www.missouribotanicalgarden.org/PlantFinder/PlantFinderDetails.aspx?kempercode=f237,https://www.wildflower.org/plants/result.php?id_plant=caam8,https://www.pleasantrunnursery.com/plant-name/Carex-albicans,https://newmoonnursery.com/nursery-plants/carex-amphibola/,https://www.pinelandsnursery.com/carex-stricta-tussock-sedge-seed,,
"Grasses, Sedges, and Rushes",CC,Carex crinita,FRINGED SEDGE,,,,,,,,,,,,,,,,,,,,https://www.missouribotanicalgarden.org/PlantFinder/PlantFinderDetails.aspx?taxonid=279732,https://www.wildflower.org/plants/result.php?id_plant=cacr6,https://www.pleasantrunnursery.com/plant-name/Carex-albicans,https://newmoonnursery.com/nursery-plants/carex-crinita/,https://www.pinelandsnursery.com/carex-crinita-fringed-sedge-2-plug,,
"Grasses, Sedges, and Rushes",CG1,Carex grayi,GRAY SEDGE,,,,,,,,,,,,,,,,,,,,https://www.missouribotanicalgarden.org/PlantFinder/PlantFinderDetails.aspx?taxonid=279804,https://www.wildflower.org/plants/result.php?id_plant=CAGR5,https://www.pleasantrunnursery.com/plant-name/Carex-grayi,https://newmoonnursery.com/nursery-plants/carex-grayi/,https://www.pinelandsnursery.com/carex-stricta-tussock-sedge-seed,,
"Grasses, Sedges, and Rushes",CL1,Carex laxiculmis,CREEPING SEDGE,,,,,,,,,,,,,,,,,,,,https://www.missouribotanicalgarden.org/PlantFinder/PlantFinderDetails.aspx?taxonid=279805,https://www.wildflower.org/plants/result.php?id_plant=CALAL4,https://www.pleasantrunnursery.com/plant-name/Carex-laxiculmis-Bunny-Blue,https://newmoonnursery.com/nursery-plants/carex-laxiculmis/,https://www.pinelandsnursery.com/carex-stricta-tussock-sedge-seed,,
"Grasses, Sedges, and Rushes",CP1,Carex pensylvanica,PENNSYLVANIA SEDGE,,,,,,,,,,,,,,,,,,,,https://www.missouribotanicalgarden.org/PlantFinder/PlantFinderDetails.aspx?kempercode=f237,https://www.wildflower.org/plants/result.php?id_plant=cape6,https://www.pleasantrunnursery.com/plant-name/Carex-pensylvanica,https://newmoonnursery.com/nursery-plants/carex-pensylvanica/,https://www.pinelandsnursery.com/carex-pensylvanica-pennsylvania-sedge-2-plug,,
"Grasses, Sedges, and Rushes",CP2,Carex plantaginea,SEERSUCKER SEDGE,,,,,,,,,,,,,,,,,,,,https://www.missouribotanicalgarden.org/PlantFinder/PlantFinderDetails.aspx?taxonid=279765&isprofile=1&gen=Carex,https://www.wildflower.org/plants/result.php?id_plant=CAAL3,https://www.pleasantrunnursery.com/plant-name/Carex-plantaginea,https://newmoonnursery.com/nursery-plants/carex-plantaginea/,https://www.pinelandsnursery.com/carex-plantaginea-1-pot,,
"Grasses, Sedges, and Rushes",CS,Carex stipata,AWL-FRUITED SEDGE,,,,,,,,,,,,,,,,,,,,https://www.missouribotanicalgarden.org/PlantFinder/PlantFinderDetails.aspx?taxonid=279745,https://www.wildflower.org/plants/result.php?id_plant=cast5,https://www.pleasantrunnursery.com/plant-name/Carex-albicans,,https://www.pinelandsnursery.com/carex-stipata-awl-fruit-sedge-2-plug,,
"Grasses, Sedges, and Rushes",CS1,Carex stricta,TUSSOCK SEDGE,,,,,,,,,,,,,,,,,,,,https://www.missouribotanicalgarden.org/PlantFinder/PlantFinderDetails.aspx?kempercode=d584,https://www.wildflower.org/plants/result.php?id_plant=CAST8,https://www.pleasantrunnursery.com/plant-name/Carex-albicans,https://newmoonnursery.com/nursery-plants/carex-stricta/,https://www.pinelandsnursery.com/carex-stricta-tussock-sedge-seed,,
"Grasses, Sedges, and Rushes",CV,Carex vulpinoidea,FOX SEDGE,,,,,,,,,,,,,,,,,,,,https://www.missouribotanicalgarden.org/PlantFinder/PlantFinderDetails.aspx?kempercode=g760,https://www.wildflower.org/plants/result.php?id_plant=cavu2,https://www.pleasantrunnursery.com/plant-name/Carex-vulpinoidea,https://newmoonnursery.com/nursery-plants/carex-vulpinoidea/,https://www.pinelandsnursery.com/carex-vulpinoidea-fox-sedge-seed,,
"Grasses, Sedges, and Rushes",CL2,Chasmanthium latifolium,NORTHERN SEA OATS,,,,,,,,,,,,,,,,,,,,https://www.missouribotanicalgarden.org/PlantFinder/PlantFinderDetails.aspx?kempercode=a240,https://www.wildflower.org/plants/result.php?id_plant=veha2,https://www.pleasantrunnursery.com/plant-name/Chasmanthium-latifolium,https://newmoonnursery.com/nursery-plants/chasmanthium-latifolium/,https://www.pinelandsnursery.com/chasmanthium-latifolium,,
"Grasses, Sedges, and Rushes",DC,Deshampsia cespitosa,TUFTED HAIRGRASS,,,,,,,,,,,,,,,,,,,,https://www.missouribotanicalgarden.org/PlantFinder/PlantFinderDetails.aspx?kempercode=c450,https://www.wildflower.org/plants/result.php?id_plant=pedi,https://www.pleasantrunnursery.com/plant-name/Deschampsia-cespitosa,https://newmoonnursery.com/nursery-plants/deschampsia-flexuosa-sold-out-until-2021/,https://www.pinelandsnursery.com/deschampsia-cespitosa-1-pot,,
"Grasses, Sedges, and Rushes",EV,Elymus virginicus,VIRGINIA WILD RYE,,,,,,,,,,,,,,,,,,,,https://www.missouribotanicalgarden.org/PlantFinder/PlantFinderDetails.aspx?taxonid=285239,https://www.wildflower.org/plants/result.php?id_plant=ELVIV,https://www.pleasantrunnursery.com/plant-name/Elymus-virginicus,https://newmoonnursery.com/nursery-plants/elymus-virginicus/,https://www.pinelandsnursery.com/elymus-virginicus-virginia-wild-rye-seed,,
"Grasses, Sedges, and Rushes",ES,Eragrostis spectabilis,PURPLE LOVEGRASS,,,,,,,,,,,,,,,,,,,,https://www.missouribotanicalgarden.org/PlantFinder/PlantFinderDetails.aspx?kempercode=d593,https://www.wildflower.org/plants/result.php?id_plant=ersp,https://www.pleasantrunnursery.com/plant-name/Eragrostis-spectabilis,https://newmoonnursery.com/nursery-plants/eragrostis-spectabilis/,https://www.pinelandsnursery.com/eragrostis-spectabilis-1-pot,,
"Grasses, Sedges, and Rushes",JE,Juncus effusus,SOFT RUSH,,,,,,,,,,,,,,,,,,,,https://www.missouribotanicalgarden.org/PlantFinder/PlantFinderDetails.aspx?kempercode=c262,https://www.wildflower.org/plants/result.php?id_plant=JUEF,https://www.pleasantrunnursery.com/plant-name/Juncus-effusus,https://newmoonnursery.com/nursery-plants/juncus-effusus/,https://www.pinelandsnursery.com/juncus-effusus-soft-rush-seed,,
"Grasses, Sedges, and Rushes",PV2,Panicum virgatum,SWITCHGRASS,,,,,,,,,,,,,,,,,,,,https://www.missouribotanicalgarden.org/PlantFinder/PlantFinderDetails.aspx?kempercode=l460,https://www.wildflower.org/plants/result.php?id_plant=pavi2,https://www.pleasantrunnursery.com/plant-name/Panicum-virgatum,https://newmoonnursery.com/nursery-plants/panicum-virgatum-prairie-dog/,https://www.pinelandsnursery.com/panicum-virgatum-switchgrass-seed,,
"Grasses, Sedges, and Rushes",SS1,Schizachyrium scoparium,LITTLE BLUESTEM,,,,,,,,,,,,,,,,,,,,https://www.missouribotanicalgarden.org/PlantFinder/PlantFinderDetails.aspx?kempercode=f510,https://www.wildflower.org/plants/result.php?id_plant=SCSC,https://www.pleasantrunnursery.com/plant-name/Schizachyrium-scoparium,https://newmoonnursery.com/nursery-plants/schizachyrium-scoparium-sandhill/,https://www.pinelandsnursery.com/schizachyrium-scoparium-little-bluestem-seed,,
"Grasses, Sedges, and Rushes",SN3,Sorghastrum nutans,INDIANGRASS,,,,,,,,,,,,,,,,,,,,https://www.missouribotanicalgarden.org/PlantFinder/PlantFinderDetails.aspx?kempercode=g780,https://www.wildflower.org/plants/result.php?id_plant=sonu2,https://www.pleasantrunnursery.com/plant-name/Sorghastrum-nutans,https://newmoonnursery.com/nursery-plants/sorghastrum-nutans-indian-steel/,https://www.pinelandsnursery.com/sorghastrum-nutans-indiangrass-seed,,
"Grasses, Sedges, and Rushes",SH,Sporobolus heterolepis,PRAIRIE DROPSEED,,,,,,,,,,,,,,,,,,,,https://www.missouribotanicalgarden.org/PlantFinder/PlantFinderDetails.aspx?kempercode=f680,https://www.wildflower.org/plants/result.php?id_plant=ecpu,https://www.pleasantrunnursery.com/plant-name/Sporobolus-heterolepis,https://newmoonnursery.com/nursery-plants/sporobolus-heterolepis-tara/,https://www.pinelandsnursery.com/sporobolus-heterolepis-1-pot,,